발생일시_년,발생일시_월,발생일시_일,발생일시_시간,발생일시_요일,진화종료시간_년,진화종료시간_월,진화종료시간_일,진화종료시간_시간,발생장소_관서,발생장소_시도,발생장소_시군구,발생장소_읍면,발생장소_동리,발생원인_구분,발생원인_세부원인,발생원인_기타,피해면적_합계,관측일
2014,01,4,13:18,토,2014,1,4,16:10,경북,경북,성주,초전,용봉,입,입산자 실화 추정,,0.2,2014014
2014,01,9,15:57,목,2014,1,9,16:30,경북,경북,포항 남,장기,두원,기,논밭두렁 소각,,0.1,2014019
2014,01,13,12:50,월,2014,1,13,14:40,강원,강원,화천,상서,파포,기,농산폐기물 소각,,0.15,20140113
2014,01,14,12:15,화,2014,1,14,15:00,경북,경북,영주,평은,강동,기,산림연접지에서 농산폐기물 소각 부주의,,0.1,20140114
2014,01,15,16:23,수,2014,1,15,17:40,동부,강원,삼척,도계,흥전,입,입산자 실화 추정,,0.1,20140115
2014,01,15,15:00,수,2014,1,15,16:00,경북,경북,안동,길안,금곡,쓰,쓰레기 소각,,0.2,20140115
2014,01,15,13:20,수,2014,1,15,15:20,경북,경북,문경,산북,이곡,쓰,기타(직접입력),폐타이어소각,0.1,20140115
2014,01,16,10:40,목,2014,1,16,14:00,동부,강원,정선,북평,숙암,입,입산자(수렵인)실화 추정,,0.2,20140116
2014,01,18,18:55,토,2014,1,18,22:00,경북,경북,영주,안정,묵,쓰,집쓰레기 소각 부주의,,0.01,20140118
2014,01,19,19:50,일,2014,1,19,20:45,강원,강원,원주,신림,성산,담,담뱃불 추정,,0.02,20140119
2014,01,21,15:55,화,2014,1,21,16:50,경북,경북,청도,청도,거연,기,성묘객 실화 추정,,0.1,20140121
2014,01,21,15:00,화,2014,1,21,16:00,경북,경북,경주,건천,화천,쓰,쓰레기 소각,,0.02,20140121
2014,01,21,14:41,화,2014,1,21,17:40,경북,경북,포항 북,기계,구지,담,담뱃불 실화 추정,,0.1,20140121
2014,01,23,14:43,목,2014,1,23,16:30,경북,경북,성주,금수,무학,입,입산자 실화 추정,,0.2,20140123
2014,01,25,03:50,토,2014,1,25,05:15,경북,경북,안동,서후,자품,쓰,쓰레기 소각,,0.02,20140125
2014,01,29,14:10,수,2014,1,29,15:30,경북,경북,울진,죽변,화성,쓰,쓰레기 소각,,0.1,20140129
2014,01,29,12:30,화,2014,1,29,14:30,경북,경북,경주,양남,신서,쓰,쓰레기 소각,,0.3,20140129
2014,01,29,12:20,화,2014,1,29,12:50,경북,경북,성주,수륜,계정,입,입산자 실화,,0.05,20140129
2014,01,31,14:17,공,2014,1,31,16:36,경북,경북,영천,자양,성곡,기,성묘객 실화 추정,,0.6,20140131
2014,01,31,12:35,공,2014,1,31,15:00,경북,경북,경주,양북,장항,기,성묘객 실화,,0.05,20140131
2014,01,31,12:50,공,2014,1,31,14:30,경북,경북,상주,외서,연봉,입,입산자 실화,,0.01,20140131
2014,02,1,19:00,공,2014,2,1,19:30,남부,경북,영양,영양,기산,건,주택화재로 인한 비화,,0.01,2014021
2014,02,2,11:50,일,2014,2,2,13:50,경북,경북,칠곡,지천,낙산,입,입산자 실화 추정,,0.01,2014022
2014,02,3,15:02,월,2014,2,3,15:20,경북,경북,포항 북,홍해,학천,입,입산자 실화 추정,,0.01,2014023
2014,02,3,08:49,월,2014,2,3,10:30,경북,경북,경주,배,,입,입산자 실화 추정,,2.2,2014023
2014,02,4,19:35,화,2014,2,4,21:40,강원,강원,양양,양양,화일,건,주택화재로 인한 비화,,0.5,2014024
2014,02,4,19:30,화,2014,2,4,21:00,경북,경북,예천,예천,대심,기,원인미상,,0.1,2014024
2014,02,5,15:00,수,2014,2,5,15:50,경북,경북,안동,와룡,나소,건,주택화재에서 번짐,,0.01,2014025
2014,02,5,14:29,수,2014,2,5,15:39,경북,경북,영천,화남,귀호,쓰,쓰레기 소각,,0.05,2014025
2014,02,7,16:00,금,2014,2,7,17:05,경북,경북,안동,녹전,원천,기,논밭두렁 소각,,0.1,2014027
2014,02,14,17:30,금,2014,2,14,18:30,경북,경북,칠곡,지천,낙산,입,입산자 실화,,0.01,20140214
2014,02,16,14:25,일,2014,2,16,15:45,경북,경북,청도,매전,동산,기,농산폐기물 소각,,0.1,20140216
2014,02,18,07:00,화,2014,2,18,08:40,경북,경북,상주,낙동,내곡,입,입산자 실화 추정,,0.02,20140218
2014,02,21,13:30,금,2014,2,21,14:35,경북,경북,영양,청기,당,기,농산폐기물 소각,,0.05,20140221
2014,02,23,13:00,일,2014,2,23,14:10,경북,경북,영양,일월,도곡,담,선택,,0.02,20140223
2014,02,25,11:48,화,2014,2,25,12:30,경북,경북,상주,사범,목가,기,농산폐기물 소각,,0.01,20140225
2014,02,26,10:55,수,2014,2,26,12:55,경북,경북,안동,풍천,금계,입,입산자실화 추정(약초꾼),,0.1,20140226
2014,02,27,12:30,목,2014,2,27,13:45,강원,강원,횡성,우천,하대,기,논밭두렁 소각,,0.25,20140227
2014,03,2,18:55,일,2014,3,2,21:00,경북,경북,안동,서후,태장,기,논밭두렁 소각,,0.5,2014032
2014,03,2,18:00,일,2014,3,2,18:45,경북,경북,상주,화북,입석,쓰,쓰레기 소각,,0.02,2014032
2014,03,2,13:15,일,2014,3,2,14:20,경북,경북,문경,산양,반곡,기,농산폐기물 소각,,0.3,2014032
2014,03,3,14:12,월,2014,3,3,15:00,강원,강원,원주,관설,,기,논밭두렁 소각,,0.06,2014033
2014,03,3,11:43,월,2014,3,3,12:50,강원,강원,원주,흥업,매지,기,논밭두렁 소각,,0.1,2014033
2014,03,5,13:28,수,2014,3,5,17:15,경북,경북,구미,해평,송곡,기,원인미상,,0.7,2014035
2014,03,5,12:50,수,2014,3,5,14:00,경북,경북,군위,소보,보현,기,성묘객 실화(취사행위),,0.1,2014035
2014,03,5,15:07,수,2014,3,5,16:30,강원,강원,춘천,남,가정,기,농산폐기물 소각,,0.01,2014035
2014,03,5,16:25,수,2014,3,5,18:00,경북,경북,영주,평은,지곡,기,농산폐기물 소각,,0.03,2014035
2014,03,5,20:25,수,2014,3,5,21:20,경북,경북,영주,영주,,입,입산자 실화(추정),,0.02,2014035
2014,03,7,15:10,금,2014,3,7,16:45,강원,강원,홍천,북방,북방,기,굴뚝불씨연소,,0.2,2014037
2014,03,7,13:37,금,2014,3,7,15:00,강원,강원,춘천,서,당림,기,용접불씨연소,,0.05,2014037
2014,03,7,11:50,금,2014,3,7,17:30,강원,강원,영월,김삿갓,진별,기,농산폐기물 소각,,2.0,2014037
2014,03,8,16:30,토,2014,3,9,17:00,경북,경북,성주,수륜,수륜,입,입산자 실화 추정,,11.0,2014038
2014,03,8,14:48,토,2014,3,8,15:20,경북,경북,문경,산양,형천,쓰,생활쓰레기 소각,,0.15,2014038
2014,03,9,10:25,일,2014,3,9,11:30,남부,경북,울진,온정,덕인,입,입산자 실화,,0.01,2014039
2014,03,10,15:20,월,2014,3,10,16:35,경북,경북,안동,풍산,만운,기,논밭두렁 소각(추정),,0.1,20140310
2014,03,10,10:23,월,2014,3,10,12:45,강원,강원,화천,화천,아,기,농산폐기물소각 추정,,0.12,20140310
2014,03,11,10:05,화,2014,3,11,11:00,경북,경북,경산,용성,고죽,기,논밭두렁 소각,,0.05,20140311
2014,03,11,13:16,화,2014,3,11,15:00,경북,경북,예천,지보,수월,기,농산폐기물 소각,,0.2,20140311
2014,03,11,19:31,화,2014,3,11,21:35,경북,경북,문경,산양,부암,입,입산자 실화 추정,,0.5,20140311
2014,03,11,16:50,화,2014,3,11,17:50,강원,강원,원주,귀래,용암,입,입산자 실화,,0.06,20140311
2014,03,11,15:20,화,2014,3,11,17:30,경북,경북,청도,매전,동산,기,사찰건립 현장 굴삭기 스파크로 발화,,0.5,20140311
2014,03,11,13:29,화,2014,3,11,15:48,경북,경북,영천,임고,선원,쓰,쓰레기 소각,,0.18,20140311
2014,03,17,18:52,월,2014,3,17,21:20,경북,경북,영주,장수,호문,기,논밭두렁 소각,,0.1,20140317
2014,03,17,20:35,월,2014,3,17,22:20,경북,경북,영주,이산,두월,기,논밭두렁 소각,,0.06,20140317
2014,03,23,17:30,일,2014,3,23,18:22,경북,경북,상주,화서,달천,입,입산자실화,,0.01,20140323
2014,03,23,17:00,일,2014,3,23,17:50,경북,경북,안동,와룡,이상,기,비닐하우스 가스폭발,,0.2,20140323
2014,03,23,13:40,일,2014,3,23,14:20,경북,경북,상주,화산,,기,논밭두렁 소각,,0.1,20140323
2014,03,23,12:45,일,2014,3,23,14:30,남부,경북,김해,장유,,기,원인미상,,0.2,20140323
2014,03,23,15:50,일,2014,3,23,17:30,경북,경북,군위,군위,무성,입,입산자 실화,,0.1,20140323
2014,03,24,19:14,월,2014,3,24,20:20,강원,강원,양양,강현,전진,기,기타(직접입력),전선스파크 추정,0.3,20140324
2014,03,24,16:27,월,2014,3,24,17:10,북부,강원,홍천,두촌,자은,기,전기누전추정,,0.2,20140324
2014,03,24,13:33,월,2014,3,24,15:38,경북,경북,예천,풍양,풍신,기,논밭두렁 소각,,1.8,20140324
2014,03,24,12:40,월,2014,3,24,13:40,경북,경북,안동,운안,,기,농산폐기물 소각,,0.02,20140324
2014,03,27,18:29,목,2014,3,27,20:35,동부,강원,평창,용평,노동,기,기타(직접입력),원인미상,0.15,20140327
2014,03,27,17:29,목,2014,3,27,18:37,강원,강원,홍천,서,모곡,기,작업장실화,,0.2,20140327
2014,03,27,15:48,목,2014,3,27,17:00,강원,강원,철원,갈말,문혜,입,기타(직접입력),입산자실화 추정,0.03,20140327
2014,03,27,14:15,목,2014,3,27,16:02,남부,경북,영주,풍기,삼가,기,기타(직접입력),조사중,0.01,20140327
2014,03,28,12:51,금,2014,3,28,13:40,경북,경북,상주,사벌,덕가,입,기타(직접입력),입산자 실화추정,0.1,20140328
2014,04,1,13:50,화,2014,4,1,14:50,강원,강원,횡성,서원,금대,기,기타(직접입력),전기누전,0.2,2014041
2014,04,1,12:30,화,2014,4,1,13:22,경북,경북,상주,외서,예의,기,논밭두렁소각,,0.03,2014041
2014,04,2,12:00,수,2014,4,2,13:16,경북,경북,상주,이안,지산,기,기타(직접입력),묘소 둑 잡초소각,0.05,2014042
2014,04,6,14:15,일,2014,4,6,15:10,경북,경북,성주,선남,도홍,입,입산자 실화추정,,0.05,2014046
2014,04,7,15:12,월,2014,4,7,15:56,경북,경북,상주,청리,청하,기,성묘객 실화추정,,0.01,2014047
2014,04,8,15:30,화,2014,4,8,16:15,경북,경북,안동,북후,옹천리,건,주택화재비화,,0.2,2014048
2014,04,8,10:30,화,2014,4,8,12:15,경북,경북,상주,모동,반계,기,농산폐기물소각,,0.2,2014048
2014,04,9,14:30,수,2014,4,9,19:00,경북,경북,성주,수륜,작은,입,기타(직접입력),입산자 실화(담뱃불),0.3,2014049
2014,04,9,14:00,수,2014,4,9,15:05,강원,강원,영월,수주,운학,쓰,쓰레기소각,,1.42,2014049
2014,04,10,15:10,목,2014,4,10,15:50,강원,강원,철원,갈말,문혜,입,입산자 실화추정,,0.03,20140410
2014,04,10,13:10,목,2014,4,10,14:19,북부,강원,양구,남,청하,담,담뱃불 투기,,0.05,20140410
2014,04,11,16:46,금,2014,4,11,18:10,강원,강원,원주,지정,판대,입,입산자 실화추정,,0.1,20140411
2014,04,11,15:09,금,2014,4,11,15:58,경북,경북,봉화,봉화,내성,쓰,쓰레기 소각,,0.03,20140411
2014,04,11,14:50,금,2014,4,11,17:30,강원,강원,춘천,동,품걸,입,입산자 실화추정,,0.01,20140411
2014,04,12,14:04,토,2014,4,12,16:00,강원,강원,양구,양구,월명,입,입산자 실화추정,,0.2,20140412
2014,04,12,03:40,토,2014,4,12,06:44,경북,경북,상주,은척,하흘,입,입산자 실화추정,,0.1,20140412
2014,04,13,14:20,일,2014,4,13,16:10,강원,강원,홍천,북방,북방,쓰,쓰레기 소각,,0.1,20140413
2014,04,13,16:25,일,2014,4,13,18:20,경북,경북,예천,호명,금능,입,산나물 채취자추정,,0.2,20140413
2014,04,14,17:25,월,2014,4,14,18:40,경북,경북,안동,와룡,가류,입,입산자 실화추정,,0.2,20140414
2014,04,14,14:17,월,2014,4,14,17:10,남부,경북,청도,운문,신원,입,입산자 실화추정,,0.8,20140414
2014,04,15,14:04,화,2014,4,15,14:56,경북,경북,경주,내남,영계,입,입산자 실화추정,,0.05,20140415
2014,04,15,10:55,화,2014,4,15,13:15,경북,경북,칠곡,가산,용수,입,입산자 실화추정,,0.1,20140415
2014,04,15,10:45,화,2014,4,15,16:05,경북,경북,영주,부석,용암,기,농산폐기물 소각,,3.5,20140415
2014,04,15,10:37,화,2014,4,15,13:14,경북,경북,영천,청통,애련,기,농산폐기물 소각,,0.5,20140415
2014,04,16,22:57,수,2014,4,17,03:00,강원,강원,춘천,동,만천,입,기타(직접입력),입산자 실화추정,0.09,20140416
2014,04,17,19:14,목,2014,4,17,21:15,강원,강원,춘천,동,만천,입,입산자 실화추정,,0.03,20140417
2014,04,20,13:41,금,2014,4,20,15:13,강원,강원,홍천,서,동막,입,입산자 실화추정,,0.2,20140420
2014,04,21,16:05,월,2014,4,21,17:30,강원,강원,고성,토성,인흥,입,입산자 실화추정,,0.09,20140421
2014,04,21,13:15,월,2014,4,21,15:30,강원,강원,영월,한반도,광전,입,입산자 실화추정,,0.1,20140421
2014,04,22,14:46,화,2014,4,22,17:10,북부,강원,홍천,화촌,군업,담,운전자 담뱃불 실화추정,,0.2,20140422
2014,04,22,10:35,화,2014,4,22,13:00,강원,강원,인제,북,한계,입,입산자 실화추정,,0.05,20140422
2014,04,23,13:30,수,2014,4,23,16:40,북부,강원,춘천,남,추곡,입,입산자 실화,,0.03,20140423
2014,04,23,16:25,수,2014,4,23,17:18,경북,경북,상주,공성,엄오,입,입산자 실화추정,,0.2,20140423
2014,04,24,18:39,목,2014,4,24,22:25,동부,강원,영월,수주,법흥,기,원인미상,,0.9,20140424
2014,04,24,18:10,목,2014,4,24,19:30,강원,강원,춘천,남,행촌,입,입산자실화,,0.06,20140424
2014,04,24,15:20,목,2014,4,24,18:00,북부,강원,춘천,동산,원창,입,입산자 실화,,0.05,20140424
2014,04,24,15:19,목,2014,4,24,22:30,경북,경북,영주,이산,지동,기,육묘장 전기누전,,14.3,20140424
2014,04,24,12:54,목,2014,4,24,18:30,동부,강원,영월,수주,두산,기,원인미상,,1.0,20140424
2014,04,24,12:05,목,2014,4,24,15:15,북부,강원,횡성,우천,정금,입,입산자 실화,,0.4,20140424
2014,04,24,10:50,목,2014,4,24,20:30,북부,강원,홍천,서석,검산,입,산나물 채취자 실화추정,,2.5,20140424
2014,04,25,20:20,금,2014,4,25,21:40,강원,강원,화천,화천,아,담,담뱃불 실화추정,,0.1,20140425
2014,04,25,15:28,금,2014,4,25,19:17,경북,경북,봉화,법전,소천,입,입산자 실화추정,,0.5,20140425
2014,04,25,14:10,금,2014,4,25,15:10,강원,강원,양양,현남,후포매,입,입산자 실화추정,,0.04,20140425
2014,04,25,10:24,금,2014,4,25,12:15,강원,강원,삼척,등봉,,기,농산폐기물 소각,,0.5,20140425
2014,04,26,15:10,토,2014,4,26,17:50,북부,강원,양구,남,명곶,입,입산자 실화,,0.1,20140426
2014,04,26,14:29,토,2014,4,26,19:10,경북,경북,울진,북,나곡,기,원인미상,,1.0,20140426
2014,04,26,13:20,토,2014,4,26,16:00,강원,강원,영월,한반도,광전,입,입산자 실화추정,,0.1,20140426
2014,04,26,10:40,토,2014,4,26,12:37,동부,강원,평창,용평,속사,기,원인미상,,0.3,20140426
2014,04,27,15:25,일,2014,4,27,16:35,강원,강원,양양,현남,입암,입,입산자 실화추정,,0.01,20140427
2014,05,3,11:50,토,2014,5,3,14:30,남부,경북,봉화,소천,남회룡,기,기타(직접입력),조사중,0.2,2014053
2014,05,4,18:42,일,2014,5,4,21:17,강원,강원,홍천,동,속초,입,등산객실화,,0.1,2014054
2014,05,5,19:10,공,2014,5,5,21:00,강원,강원,양구,동,원당,입,기타(직접입력),입산자실화 추정,0.05,2014055
2014,05,6,18:20,공,2014,5,6,20:40,강원,강원,영월,영월,정양,쓰,쓰레기소각,,0.3,2014056
2014,05,9,16:12,금,2014,5,9,18:25,강원,강원,삼척,노곡,주지,입,산나물채취객실화,,0.3,2014059
2014,05,10,15:02,토,2014,5,10,17:48,동부,강원,영월,북,덕상,입,기타(직접입력),입산자 실화추정,0.5,20140510
2014,05,11,16:36,일,2014,5,11,18:00,강원,강원,인제,남,부평,입,기타(직접입력),입산자 실화추정,0.03,20140511
2014,05,11,14:16,일,2014,5,11,16:11,경북,경북,군위,고로,인곡,입,기타(직접입력),입산자 실화추정,0.1,20140511
2014,05,13,11:19,화,2014,5,13,13:30,강원,강원,고성,간성,광산,기,작업장실화,,0.5,20140513
2014,05,14,18:24,수,2014,5,14,19:40,동부,강원,정선,임계,가목,입,기타(직접입력),입산자 실화추정,0.1,20140514
2014,05,17,11:50,토,2014,5,17,14:50,경북,경북,영주,풍기,금계,기,기타(직접입력),원인미상,0.01,20140517
2014,05,22,15:20,목,2014,5,22,16:50,경북,경북,봉화,명호,풍호,입,등산객실화,,0.1,20140522
2014,05,22,12:15,목,2014,5,22,14:00,경북,경북,경주,현곡,소현,입,등산객실화,,0.02,20140522
2014,05,22,11:52,목,2014,5,22,13:04,경북,경북,영천,화산,효정,쓰,기타(직접입력),폐비닐 소각,0.2,20140522
2014,05,24,17:15,토,2014,5,24,18:40,경북,경북,봉화,상운,문촌,입,등산객실화,,0.1,20140524
2014,05,25,10:36,일,2014,5,25,13:00,경북,경북,경주,감포,노동,기,농산폐기물소각,,0.7,20140525
2014,05,26,12:10,월,2014,5,26,14:10,강원,강원,삼척,근덕,교곡,입,산나물채취객실화,,0.3,20140526
2014,05,27,14:20,화,2014,5,27,17:20,경북,경북,김천,부항,월곡,기,논밭두렁소각,,0.6,20140527
2014,05,27,12:35,화,2014,5,27,14:20,경북,경북,안동,임동,마령,쓰,쓰레기소각,,0.2,20140527
2014,05,28,15:40,수,2014,5,28,19:05,북부,강원,양구,남,명곶,입,등산객실화,,0.1,20140528
2014,05,28,12:29,수,2014,5,28,14:15,경북,경북,포항 남,장기,산서,기,기타(직접입력),행군중 부상자 구조신호로 불피움,0.1,20140528
2014,05,29,16:40,목,2014,5,29,18:45,경북,경북,문경,영순,말응,쓰,쓰레기소각,,0.03,20140529
2014,05,30,16:00,금,2014,5,30,17:40,경북,경북,김천,농소,신촌,기,농산폐기물소각,,0.15,20140530
2014,05,30,10:00,금,2014,5,30,14:00,동부,강원,삼척,도계,점,기,무속행위,,0.25,20140530
2014,05,31,17:02,토,2014,5,31,19:04,동부,강원,평창,미탄,평안,기,논밭두렁소각,,0.9,20140531
2014,06,1,21:45,일,2014,6,2,01:50,강원,강원,횡성,갑천,상대,쓰,쓰레기소각,,0.1,2014061
2014,06,1,05:20,일,2014,6,1,09:30,경북,경북,예천,보문,오암,입,등산객실화,,0.1,2014061
2014,06,2,08:40,월,2014,6,2,15:05,경북,경북,포항 북,송라,중산,입,기타(직접입력),입산자 실화추정,0.1,2014062
2014,06,10,17:18,화,2014,6,10,20:00,북부,강원,원주,흥업,매지,기,낙뢰,,0.01,20140610
2014,06,15,14:10,일,2014,6,15,17:20,강원,강원,인제,인제,가아,기,작업장실화,,0.05,20140615
2014,06,19,15:00,목,2014,6,19,18:00,북부,강원,인제,남,남전,쓰,쓰레기소각,,0.19,20140619
2014,07,20,18:15,일,2014,7,20,20:00,강원,강원,춘천,칠전,,입,산나물채취객실화,,0.01,20140720
2014,07,30,17:50,수,2014,7,30,19:00,경북,경북,영주,이산,지동,기,논밭두렁소각,,0.01,20140730
2014,07,30,12:35,수,2014,7,30,16:00,경북,경북,문경,영순,율곡,입,기타(직접입력),숲가꾸기 작업장,0.2,20140730
2014,07,30,12:00,수,2014,7,30,13:40,경북,경북,군위,군위,대북,쓰,쓰레기소각,,0.2,20140730
2014,09,20,13:56,토,2014,9,20,18:40,강원,강원,화천,화천,동촌,입,기타(직접입력),입산자실화 추정,0.25,20140920
2014,10,8,15:00,수,2014,10,8,16:10,경북,경북,포항,청하,소동,입,기타(직접입력),입산자 실화추정,0.01,2014108
2014,10,28,11:57,화,2014,10,28,15:30,북부,강원,홍천,두촌,천현,입,등산객실화,,0.02,20141028
2014,10,29,13:30,수,2014,10,29,16:10,북부,강원,인제,기린,진동,입,등산객실화,,0.7,20141029
2014,10,30,14:43,목,2014,10,30,18:20,강원,강원,평창,대화,개수,기,농산폐기물소각,,0.5,20141030
2014,11,9,13:20,일,2014,11,9,16:50,북부,강원,홍천,내촌,와야,기,기타(직접입력),도로변 교통사고,0.01,2014119
2014,11,11,11:33,화,2014,11,11,12:15,강원,강원,양구,양구,고대,기,농산폐기물소각,,0.05,20141111
2014,11,14,10:13,금,2014,11,14,11:44,경북,경북,포항 북,죽장,합덕,쓰,쓰레기소각,,0.2,20141114
2014,11,23,08:34,일,2014,11,23,10:30,동부,강원,양양,서,논화,입,기타(직접입력),입산자 실화추정,1.0,20141123
2014,12,22,10:26,월,2014,12,22,11:30,강원,강원,양양,현북,잔교,쓰,쓰레기소각,,0.05,20141222
2015,01,4,15:18,일,2015,1,4,16:40,경북,경북,안동,남후,하아,입,입산자실화 추정,,0.05,2015014
2015,01,5,01:54,월,2015,1,5,03:00,강원,강원,강릉,주문진,주문,입,입산자실화 추정,,0.16,2015015
2015,01,10,13:02,토,2015,1,10,16:00,강원,강원,강릉,왕산,대기,입,입산자실화 추정,,0.2,20150110
2015,01,10,13:02,토,2015,1,10,16:11,경북,경북,영천,임고,삼매,기,화목보일러 소각잔재물(재)투기,,2.2,20150110
2015,01,13,10:57,화,2015,1,13,12:18,남부,경북,울진,서,삼근,기,원인미상,,0.01,20150113
2015,01,18,16:05,일,2015,1,18,17:50,경북,경북,경주,강동,국당,입,입산자실화 추정,,0.61,20150118
2015,01,20,04:00,화,2015,1,20,08:06,경북,경북,경주,강동,국당,기,재발화(1.18 산불발생지내),,0.19,20150120
2015,02,1,16:21,일,2015,2,1,17:43,강원,강원,춘천,북산,조교,입,입산자실화 추정,,0.1,2015021
2015,02,6,16:07,금,2015,2,6,16:50,경북,경북,의성,구천,청산,기,농산폐기물 소각,,0.4,2015026
2015,02,7,15:40,토,2015,2,7,16:20,경북,경북,영양,입암,산해,기,화목보일러 소각잔재물(재)투기,,0.01,2015027
2015,02,8,13:31,일,2015,2,11,10:00,강원,강원,삼척,가곡,오목,기,화목보일러 불똥,,52.0,2015028
2015,02,9,15:20,월,2015,2,9,16:20,남부,경북,영양,석보,요원,기,원인미상,,0.05,2015029
2015,02,9,16:24,월,2015,2,9,16:55,경북,경북,포항,송라,중산,기,전기합선,,0.01,2015029
2015,02,10,14:45,화,2015,2,10,16:20,경북,경북,경산,하양,사기,입,입산자실화 추정,,0.2,20150210
2015,02,11,02:40,수,2015,2,11,04:20,경북,경북,문경,마성,정,기,농산폐기물 소각,,2.0,20150211
2015,02,12,11:46,목,2015,2,12,14:00,강원,강원,영월,남후,북쌍,건,건축물 실화(공장),,1.0,20150212
2015,02,15,15:26,일,2015,2,15,16:35,경북,경북,청송,현동,눌인,기,농산폐기물 소각,,0.1,20150215
2015,02,24,12:38,화,2015,2,24,13:45,경북,경북,울진,울진,정림,기,농산폐기물 소각,,0.2,20150224
2015,02,26,14:15,목,2015,2,26,15:35,강원,강원,원주,태장,,기,어린이 불장난,,0.2,20150226
2015,02,26,19:20,목,2015,2,26,20:50,경북,경북,경주,하,,입,입산자실화 추정,,0.1,20150226
2015,03,2,16:17,월,2015,3,2,17:20,강원,강원,인제,북,한계,입,입산자실화 추정,,0.01,2015032
2015,03,4,12:45,수,2015,3,4,13:30,경북,경북,경주,현곡,래태,기,화목보일러 소각잔재물(재)투기,,0.09,2015034
2015,03,4,11:40,수,2015,3,5,08:00,동부,강원,정선,여량,구절,건,펜션화재 비화,,7.0,2015034
2015,03,5,12:05,목,2015,3,5,13:25,경북,경북,성주,벽진,외기,입,입산자 실화,,0.01,2015035
2015,03,6,07:08,금,2015,3,6,10:15,경북,경북,울진,북산,무구,기,원인미상,,0.9,2015036
2015,03,7,13:35,토,2015,3,7,15:10,강원,강원,춘천,동,감정,쓰,잔디소각,,0.2,2015037
2015,03,8,10:39,일,2015,3,8,12:00,강원,강원,횡성,청일,갑천,기,농산폐기물 소각,,0.1,2015038
2015,03,8,11:00,일,2015,3,8,14:00,강원,강원,고성,죽왕,구성,쓰,쓰레기 소각,,0.9,2015038
2015,03,8,14:00,일,2015,3,8,15:10,강원,강원,강릉,성산,위촌,담,담뱃불 실화,,0.1,2015038
2015,03,9,15:45,월,2015,3,9,16:20,경북,경북,안동,녹전,사신,기,소각재 투기,,0.1,2015039
2015,03,9,15:40,월,2015,3,9,20:00,경북,경북,청송,부남,홍원,기,농산폐기물 소각,,1.0,2015039
2015,03,9,12:20,월,2015,3,9,13:30,경북,경북,봉화,상운,구천,기,논밭두렁 소각,,0.1,2015039
2015,03,9,14:21,월,2015,3,9,15:00,강원,강원,춘천,신북,발산,기,나무보일러 불똥비화,,0.01,2015039
2015,03,9,14:42,월,2015,3,9,16:26,강원,강원,춘천,동,지내,기,원인미상,,0.4,2015039
2015,03,10,07:04,화,2015,3,10,08:43,경북,경북,상주,모동,덕곡,기,농산폐기물 소각,,0.3,20150310
2015,03,10,13:40,화,2015,3,10,23:00,경북,경북,경주,강동,안계,기,군부대 실화(신호탄 발화),,10.0,20150310
2015,03,10,13:52,화,2015,3,10,16:20,경북,경북,구미,양호,,기,원인미상,,0.01,20150310
2015,03,10,16:05,화,2015,3,10,16:30,경북,경북,포항,용흥,,기,원인미상,,0.01,20150310
2015,03,11,16:00,수,2015,3,11,17:49,경북,경북,포항,장기,대진,기,원인미상,,0.3,20150311
2015,03,11,18:59,수,2015,3,11,19:47,강원,강원,홍천,동,노천,입,입산자실화 추정,,0.03,20150311
2015,03,11,17:17,수,2015,3,11,17:49,강원,강원,강릉,연곡,유등,기,농산폐기물 소각,,0.1,20150311
2015,03,12,06:35,목,2015,3,12,07:55,경북,경북,상주,모동,덕곡,기,농산폐기물 소각,,0.1,20150312
2015,03,12,10:43,목,2015,3,12,16:45,남부,경북,봉화,소천,남회룡,기,원인미상,,2.0,20150312
2015,03,13,16:23,금,2015,3,13,16:55,경북,경북,문경,영순,율곡,기,아궁이 불씨발화,,0.1,20150313
2015,03,14,13:30,토,2015,3,14,14:20,강원,강원,양구,동,팔랑,쓰,쓰레기 소각,,0.07,20150314
2015,03,14,14:00,토,2015,3,14,14:50,경북,경북,경주,강동,유금,입,입산자실화 추정,,0.1,20150314
2015,03,14,14:53,토,2015,3,14,16:48,강원,강원,홍천,남,명동,쓰,쓰레기 소각,,0.8,20150314
2015,03,14,11:56,토,2015,3,14,12:12,강원,강원,강릉,유천,,기,원인미상,,0.02,20150314
2015,03,15,10:36,일,2015,3,15,13:00,강원,강원,양구,양구,석현,건,주택화재 비화,,0.2,20150315
2015,03,15,14:35,일,2015,3,15,17:15,강원,강원,동해,쇄운,,기,원인미상,,1.5,20150315
2015,03,16,15:54,월,2015,3,16,17:20,강원,강원,태백,금촌,,건,창고화재연소,,0.5,20150316
2015,03,16,18:12,월,2015,3,16,20:48,경북,경북,안동,임동,사월,기,농산폐기물 소각,,0.1,20150316
2015,03,17,16:14,화,2015,3,17,18:40,동부,강원,삼척,원덕,이천,기,밭두렁 소각,,1.92,20150317
2015,03,19,15:03,목,2015,3,19,16:10,강원,강원,화천,사내,삼일,입,입산자실화 추정,,0.02,20150319
2015,03,20,14:43,금,2015,3,20,16:00,강원,강원,홍천,동,월운,건,주택화재 비화,,0.1,20150320
2015,03,21,13:25,토,2015,3,21,15:12,강원,강원,화천,화천,아,기,농산폐기물 소각,,0.3,20150321
2015,03,21,14:30,토,2015,3,21,16:00,경북,경북,안동,도산 ,선양,기,농산폐기물 소각,,0.2,20150321
2015,03,21,16:27,토,2015,3,21,17:10,경북,경북,경주,양북,용당,기,산소 벌집제거,,0.03,20150321
2015,03,22,14:01,일,2015,3,23,10:30,강원,강원,화천,간동,도송,쓰,쓰레기 소각,,67.3,20150322
2015,03,22,16:04,일,2015,3,22,21:40,강원,강원,홍천,두촌,천현,기,용접작업 비화,,10.8,20150322
2015,03,22,14:20,일,2015,3,22,18:30,북부,강원,횡성,청일,신대,기,재로인한 발화,,0.3,20150322
2015,03,22,13:40,일,2015,3,22,15:15,강원,강원,영월,주천,판운,기,재로인한 발화,,0.1,20150322
2015,03,22,10:45,일,2015,3,22,11:25,경북,경북,안동,상아,,기,원인미상,,0.03,20150322
2015,03,23,12:50,월,2015,3,23,20:45,북부,강원,인제,인제,가아,기,군부대 진지보수,,3.0,20150323
2015,03,23,13:11,월,2015,3,24,18:00,강원,강원,홍천,화촌,군업,입,입산자실화 추정,,37.1,20150323
2015,03,23,13:55,월,2015,3,23,15:20,경북,경북,봉화,명호,관창,기,차량화재 전이,,0.1,20150323
2015,03,23,09:45,월,2015,3,23,10:53,강원,강원,철원,갈말,토성,쓰,쓰레기 소각,,0.1,20150323
2015,03,24,16:32,화,2015,3,24,19:00,북부,강원,홍천,내촌,와야,기,원인미상,,0.2,20150324
2015,03,25,15:55,수,2015,3,25,18:00,강원,강원,삼척,도계,점,입,입산자실화 추정,,0.8,20150325
2015,03,25,16:36,수,2015,3,25,17:35,강원,강원,원주,귀래,주포,기,농산폐기물 소각,,0.06,20150325
2015,03,25,17:00,수,2015,3,25,17:55,강원,강원,평창,미탄,백운,담,담뱃불 실화,,0.6,20150325
2015,03,25,18:49,수,2015,3,26,17:00,북부,강원,홍천,내촌,와야,입,입산자실화 추정,,4.8,20150325
2015,03,25,20:01,수,2015,3,25,22:00,강원,강원,춘천,남산,방하,기,원인미상,,0.05,20150325
2015,03,25,13:21,수,2015,3,25,15:27,북부,강원,홍천,서석,생곡,담,담뱃불 실화,,0.1,20150325
2015,03,26,11:50,목,2015,3,26,15:50,강원,강원,삼척,도경,,입,입산자실화 추정,,0.8,20150326
2015,03,26,14:00,목,2015,3,26,16:50,북부,강원,원주,신림,황둔,기,농산폐기물 소각(고춧대),,1.5,20150326
2015,03,27,19:30,금,2015,3,27,21:30,강원,강원,고성,간성,탑동,기,원인미상,,0.9,20150327
2015,03,27,21:39,금,2015,3,27,22:10,강원,강원,양양,손양,가평,건,주택화재 비화,,0.03,20150327
2015,03,28,14:40,토,2015,3,28,22:30,동부,강원,평창,미탄,평안,기,원인미상,,11.1,20150328
2015,03,28,09:27,토,2015,3,28,10:47,남부,경북,영주,풍기,삼가,쓰,쓰레기 소각,,0.2,20150328
2015,03,28,12:10,토,2015,3,28,13:00,경북,경북,고령,성산,삼대,입,입산자 실화,,0.01,20150328
2015,03,28,17:00,토,2015,3,28,21:00,경북,경북,경주,감포,감포,쓰,쓰레기 소각,,2.0,20150328
2015,03,28,12:31,토,2015,3,28,13:45,경북,경북,군위,의흥,수북,쓰,쓰레기 소각,,0.1,20150328
2015,03,28,11:48,토,2015,3,28,14:20,경북,경북,영주,단산,사천,쓰,축사내 쓰레기 소각,,0.1,20150328
2015,03,29,13:05,일,2015,3,29,13:39,강원,강원,원주,태장,,입,입산자실화 추정,,0.05,20150329
2015,03,29,14:30,일,2015,3,29,15:30,강원,강원,춘천,남산,백양,쓰,쓰레기 소각,,0.03,20150329
2015,03,30,13:08,월,2015,3,30,15:30,강원,강원,춘천,남산,강촌,입,입산자실화 추정,,0.1,20150330
2015,04,3,14:37,금,2015,4,3,15:40,강원,강원,인제,북,원통,입,입산자실화 추정,,0.01,2015043
2015,04,12,16:20,일,2015,4,12,17:50,강원,강원,철원,김화,청양,기,원인미상,,0.2,20150412
2015,04,12,07:30,일,2015,4,12,09:00,강원,강원,원주,호전,주산,입,입산자 실화(노숙자 모닥불),,0.06,20150412
2015,04,13,10:41,월,2015,4,13,11:35,강원,강원,화천,상서,노동,입,입산자실화 추정,,0.3,20150413
2015,04,17,15:03,금,2015,4,17,16:45,경북,경북,칠곡,왜관,금산,기,원인미상,,0.01,20150417
2015,04,22,12:33,수,2015,4,22,13:48,경북,경북,영천,신녕,화남,입,입산자실화 추정,,0.01,20150422
2015,04,23,12:20,목,2015,4,23,14:40,강원,강원,고성,간성,장신,입,입산자 실화추정,,0.5,20150423
2015,04,23,14:14,목,2015,4,23,15:40,경북,경북,문경,불정,,입,입산자 실화,,0.01,20150423
2015,04,23,14:30,목,2015,4,23,22:00,북부,강원,인제,인제,귀둔,입,입산자실화 추정,,1.0,20150423
2015,04,24,13:30,금,2015,4,24,16:00,동부,강원,정선,여량,구절,기,화목보일러 연통 발화,,0.3,20150424
2015,04,26,12:30,일,2015,4,26,14:40,북부,강원,화천,상서,구운,기,곤충 살충,,0.2,20150426
2015,04,26,19:32,일,2015,4,26,23:25,강원,강원,강릉,옥계,산계,기,컨베이어벨트 케이블 절단,,0.2,20150426
2015,04,28,13:58,화,2015,4,28,20:00,북부,강원,홍천,화촌,장평,기,벌통소독,,4.6,20150428
2015,04,29,21:15,수,2015,4,30,01:50,강원,강원,양구,양구,송청,기,방화,,1.7,20150429
2015,05,1,14:35,금,2015,5,1,15:17,경북,경북,포항,기북,탑정,입,입산자실화 추정,,0.01,2015051
2015,05,2,12:50,토,2015,5,2,16:00,강원,강원,영월,남,토교,입,입산자실화 추정,,0.03,2015052
2015,05,2,17:30,토,2015,5,2,19:40,강원,강원,강릉,주문진,삼교,입,입산자실화 추정,,0.02,2015052
2015,05,5,10:40,공,2015,5,5,12:50,강원,강원,강릉,왕산,대기,담,담뱃불 실화,,0.2,2015055
2015,05,5,11:10,공,2015,5,5,12:20,강원,강원,평창,봉평,무이,입,입산자실화 추정,,0.1,2015055
2015,05,5,16:32,공,2015,5,5,17:50,강원,강원,횡성,횡성,학곡,입,입산자실화 추정,,0.01,2015055
2015,05,5,07:15,공,2015,5,5,08:30,강원,강원,강릉,사천,노동,담,담뱃불 실화,,0.01,2015055
2015,05,7,14:50,목,2015,5,7,16:00,강원,강원,춘천,동산,군자,기,논밭두렁 소각,,0.01,2015057
2015,05,7,12:00,목,2015,5,7,13:07,경북,경북,문경,가은,민지,기,밭두렁 소각,,0.1,2015057
2015,05,7,13:40,목,2015,5,7,14:40,강원,강원,춘천,서,월송,입,입산자실화 추정,,0.01,2015057
2015,05,8,13:27,금,2015,5,8,14:10,강원,강원,강릉,왕산,왕산,입,입산자실화 추정,,0.1,2015058
2015,05,10,15:30,일,2015,5,10,16:45,강원,강원,강릉,왕산,대기,입,입산자실화 추정,,0.1,20150510
2015,05,11,13:26,월,2015,5,11,15:00,동부,강원,정선,임계,봉산,입,입산자실화 추정,,0.1,20150511
2015,05,17,11:12,일,2015,5,17,14:15,강원,강원,양양,현북,잔교,입,입산자 실화추정,,0.3,20150517
2015,05,17,17:10,일,2015,5,17,20:00,강원,강원,홍천,내,율전,입,입산자실화 추정,,0.2,20150517
2015,05,21,19:22,목,2015,5,22,01:00,강원,강원,강릉,왕산,대기,입,입산자실화 추정,,0.7,20150521
2015,05,21,14:55,목,2015,5,21,20:00,강원,강원,삼척,노곡,고자,기,농산폐기물 소각,,3.14,20150521
2015,05,21,15:40,목,2015,5,21,21:00,강원,강원,홍천,홍천,갈마곡,입,입산자 실화,,1.0,20150521
2015,05,21,15:53,목,2015,5,21,16:50,강원,강원,횡성,우천,상대,기,원인미상,,0.01,20150521
2015,05,21,15:55,목,2015,5,21,17:00,강원,강원,영월,북,문곡,기,왕겨소각,,0.04,20150521
2015,05,23,16:24,토,2015,5,23,17:30,경북,경북,안동,임직,평팔,기,농산폐기물 소각,,0.1,20150523
2015,05,23,18:10,토,2015,5,23,20:00,강원,강원,평창,평창,조둔,입,입산자실화 추정,,0.5,20150523
2015,05,23,15:57,토,2015,5,23,17:21,경북,경북,문경,가은,왕능,기,공사장 전기합선 추정,,0.03,20150523
2015,05,25,01:21,공,2015,5,25,17:00,북부,강원,횡성,갑천,병지방,입,입산자 실화,,0.5,20150525
2015,05,26,05:10,화,2015,5,26,07:10,경북,경북,안동,서후,자품,기,농산부산물 소각,,0.4,20150526
2015,05,27,15:45,수,2015,5,27,18:30,경북,경북,고령,다산,나정,쓰,쓰레기 소각,,1.5,20150527
2015,05,28,18:10,목,2015,5,28,19:35,강원,강원,평창,미탄,한탄,입,입산자실화 추정,,0.3,20150528
2015,05,29,15:05,금,2015,5,29,21:50,동부,강원,삼척,가곡,동활,입,입산자실화 추정,,0.25,20150529
2015,05,29,14:40,금,2015,5,29,15:50,경북,경북,고령,다산,나정,기,재발화(5.27 산불발생지내),,0.01,20150529
2015,05,31,10:52,일,2015,5,31,16:30,강원,강원,삼척,하장,갈전,기,논밭두렁 소각,,1.3,20150531
2015,05,31,13:30,일,2015,5,31,18:00,강원,강원,화천,상서,부촌,입,입산자실화 추정,,0.03,20150531
2015,05,31,14:30,일,2015,5,31,16:00,경북,경북,경주,배,,입,입산자실화 추정,,0.01,20150531
2015,05,31,19:02,일,2015,5,31,23:05,강원,강원,횡성,우천,양적,입,입산자실화 추정,,0.15,20150531
2015,05,31,19:21,일,2015,6,1,12:00,북부,강원,홍천,서석,청량,기,등산로 정비사업 실화추정,,0.2,20150531
2015,05,31,14:27,일,2015,5,31,18:00,강원,강원,화천,사내,명월,입,입산자실화 추정,,0.06,20150531
2015,06,2,15:30,화,2015,6,2,18:00,강원,강원,춘천,남산,백양,기,원인미상,,0.09,2015062
2015,06,2,20:51,화,2015,6,2,22:30,경북,경북,경산,하양,동서,입,입산자실화 추정,,0.1,2015062
2015,06,3,14:28,수,2015,6,3,19:00,강원,강원,춘천,남,가정,기,농산폐기물 소각,,1.0,2015063
2015,06,3,20:00,수,2015,6,4,09:25,경북,경북,청송,현서,월정,기,원인미상,,3.0,2015063
2015,06,3,13:50,수,2015,6,3,18:20,강원,강원,인제,남,정자,입,입산자실화 추정,,0.5,2015063
2015,06,3,11:58,수,2015,6,3,13:42,강원,강원,횡성,둔내,현천,기,농산폐기물 소각,,0.1,2015063
2015,06,4,06:57,목,2015,6,4,10:26,강원,강원,홍천,두촌,원동,기,원인미상,,2.0,2015064
2015,06,4,13:30,목,2015,6,4,15:00,강원,강원,철원,갈말,문혜,쓰,쓰레기 소각,,1.0,2015064
2015,06,4,14:36,목,2015,6,4,18:50,동부,강원,강릉,왕산,송현,기,원인미상,,0.4,2015064
2015,06,4,17:32,목,2015,6,4,19:10,경북,경북,봉화,충양,도심,쓰,쓰레기 소각,,0.1,2015064
2015,06,4,22:23,목,2015,6,4,00:00,경북,경북,영주,순흥,석교,기,원인미상,,0.03,2015064
2015,06,4,23:56,목,2015,6,5,01:40,강원,강원,고성,간성,탑동,기,군사훈련(야간)추정,,0.06,2015064
2015,06,5,00:01,금,2015,6,5,08:50,경북,경북,청송,현서,월정,기,원인미상,,0.5,2015065
2015,06,5,04:55,금,2015,6,5,06:20,경북,경북,봉화,봉성,봉양,입,입산자실화 추정,,0.01,2015065
2015,06,5,08:32,금,2015,6,5,09:50,강원,강원,동해,천곡,,입,입산자실화 추정,,0.02,2015065
2015,06,6,12:50,공,2015,6,6,13:55,경북,경북,상주,사벌,덕가,쓰,쓰레기 소각,,0.01,2015066
2015,06,7,12:30,일,2015,6,7,14:30,북부,강원,화천,화천,풍산,기,원인미상,,0.01,2015067
2015,06,9,17:03,화,2015,6,9,17:39,강원,강원,인제,북,용대,기,원인미상,,0.01,2015069
2015,06,10,11:40,수,2015,6,10,13:30,경북,경북,안동,임동,박곡,기,밭두렁 소각,,0.1,20150610
2015,06,10,12:41,수,2015,6,10,22:00,북부,강원,횡성,서원,유현,입,입산자실화 추정,,1.9,20150610
2015,06,10,15:03,수,2015,6,10,19:50,강원,강원,인제,북,용대,입,입산자실화 추정,,0.25,20150610
2015,06,10,16:00,수,2015,6,10,18:20,강원,강원,정선,북평,남평,기,농산부산물 소각,,0.4,20150610
2015,06,10,11:11,수,2015,6,10,13:00,경북,경북,영천,도림,,쓰,쓰레기 소각,,0.1,20150610
2015,06,11,12:54,목,2015,6,11,20:00,북부,강원,홍천,화촌,야시대,입,입산자실화 추정,,0.5,20150611
2015,06,12,13:40,금,2015,6,12,15:25,강원,강원,인제,남,부평,입,입산자실화 추정,,0.1,20150612
2015,06,13,16:05,토,2015,6,13,19:00,경북,경북,김천,부항,희곡,기,원인미상,,0.5,20150613
2015,06,14,13:30,일,2015,6,14,13:54,경북,경북,성주,선남,장학,입,입산자실화 추정,,0.1,20150614
2015,06,14,17:55,일,2015,6,14,19:20,경북,경북,김천,구성,용호,기,농산폐기물 소각,,0.03,20150614
2015,06,15,05:19,월,2015,6,15,08:45,경북,경북,칠곡,지천,연호,입,입산자실화 추정,,0.01,20150615
2015,06,15,14:02,월,2015,6,15,17:30,북부,강원,양구,남,야촌,기,낙뢰,,0.01,20150615
2015,06,16,13:26,화,2015,6,16,15:10,강원,강원,화천,간동,용호,입,입산자실화 추정,,0.02,20150616
2015,06,17,15:50,수,2015,6,17,17:30,강원,강원,춘천,북산,조교,입,입산자실화 추정,,0.05,20150617
2015,06,22,14:40,월,2015,6,22,17:30,북부,강원,홍천,화촌,내삼포,기,낙뢰,,0.1,20150622
2015,07,31,14:50,금,2015,7,31,18:20,경북,경북,경주,외동,제내,입,입산자 실화추정,,0.1,20150731
2015,08,2,21:45,일,2015,8,2,23:30,경북,경북,청송,청송,덕,기,낙뢰,,0.03,2015082
2015,08,7,08:00,금,2015,8,7,09:00,경북,경북,안동,도산,동부,입,등산객실화,,0.1,2015087
2015,09,9,17:20,수,2015,9,9,19:00,경북,경북,영주,평은,강동,기,용접불씨 비화,,0.06,2015099
2015,09,18,10:10,금,2015,9,18,11:10,경북,경북,영주,장수,반구,기,묘지주변 벌초 후 소각부주의,,0.1,20150918
2015,09,22,14:15,화,2015,9,22,16:10,경북,경북,영양,일월,가곡,기,성묘객 실화추정,,0.3,20150922
2015,09,25,14:18,금,2015,9,25,15:48,강원,강원,횡성,강림,강림,기,성묘객 실화추정,,0.03,20150925
2015,09,27,11:35,공,2015,9,27,14:10,강원,강원,춘천,사북,원평,입,입산자 실화추정,,0.01,20150927
2015,09,27,16:40,공,2015,9,27,17:47,강원,강원,원주,판부,서곡,기,성묘객 실화,,0.01,20150927
2015,09,29,12:14,공,2015,9,29,13:10,경북,경북,영주,부석,용암,기,영농폐기물 소각,,0.2,20150929
2015,09,29,14:00,공,2015,9,29,16:50,강원,강원,원주,문막,비두,입,입산자 실화추정,,0.05,20150929
2015,10,4,15:15,일,2015,10,4,17:05,경북,경북,상주,내서,서만,쓰,쓰레기 소각,,0.2,2015104
2015,10,6,14:28,화,2015,10,6,17:22,경북,경북,봉화,명호,관창,기,아궁이 불씨발화,,0.5,2015106
2015,10,6,15:10,화,2015,10,6,17:40,강원,강원,철원,갈말,문혜,입,입산자 실화추정,,0.1,2015106
2015,10,7,13:25,수,2015,10,7,15:00,남부,경북,김천,조마,신곡,담,선택,,0.01,2015107
2015,10,7,15:30,수,2015,10,7,17:00,경북,경북,경주,내남,용장,입,입산자 실화추정,,0.02,2015107
2015,10,9,15:50,공,2015,10,9,17:40,경북,경북,예천,용문,원류,입,등산객실화,,0.2,2015109
2015,10,10,00:20,토,2015,10,10,09:00,경북,경북,김천,남,오봉,기,원인미상,,0.5,20151010
2015,10,11,12:10,일,2015,10,11,16:39,북부,강원,춘천,서,당림,기,낙뢰 추정,,0.01,20151011
2015,10,16,15:35,금,2015,10,16,16:30,강원,강원,정선,정선,봉양,기,어린이 불장난 추정,,0.05,20151016
2015,10,17,09:20,토,2015,10,17,15:02,동부,강원,강릉,연곡,삼산,입,기타(직접입력),입산자 실화,0.8,20151017
2015,10,17,15:57,토,2015,10,17,18:07,북부,강원,철원,갈말,문혜,기,원인미상,,0.05,20151017
2015,10,18,14:55,일,2015,10,18,16:20,경북,경북,성주,수륜,신정,기,임도공사현장 작업자 과실,,0.1,20151018
2015,10,20,10:54,화,2015,10,20,13:27,경북,경북,봉화,상운,문촌,기,농산폐기물소각,,0.1,20151020
2015,10,23,18:28,금,2015,10,23,20:45,경북,경북,안동,도산,단천,기,원인미상,,0.1,20151023
2015,10,23,19:30,금,2015,10,23,22:00,남부,경북,울진,금강송,광희,기,기타(직접입력),벌통소독 실화,0.01,20151023
2015,10,24,12:02,토,2015,10,24,18:30,강원,강원,강릉,왕산,대기,기,전기배선단락,,0.5,20151024
2015,10,25,16:12,일,2015,10,25,17:50,경북,경북,문경,산북,월천,기,논밭두렁 소각,,0.1,20151025
2015,10,25,22:48,일,2015,10,26,02:55,동부,강원,평창,진부,봉산,기,원인미상,,0.1,20151025
2015,10,25,11:51,일,2015,10,25,14:30,경북,경북,김천,감문,금곡,기,논밭두렁 소각추정,,0.1,20151025
2015,10,31,13:50,토,2015,10,31,15:40,경북,경북,문경,각서,,기,용접불씨 비화,,0.2,20151031
2015,11,1,16:40,일,2015,11,1,18:05,강원,강원,홍천,내,방내,입,입산자 실화추정,,0.1,2015111
2015,11,2,13:50,월,2015,11,2,15:00,동부,강원,강릉,연곡,방,기,농산폐기물 소각,,0.03,2015112
2015,11,2,16:35,월,2015,11,2,18:55,강원,강원,양구,남,창,입,기타(직접입력),입산자 실화추정,0.3,2015112
2015,11,3,11:33,화,2015,11,3,12:20,경북,경북,영주,장수,두천,기,기타(직접입력),자연발화추정(퇴비더미),0.01,2015113
2015,11,4,10:35,수,2015,11,4,14:00,북부,강원,인제,상남,하남,기,작업장실화,,0.2,2015114
2015,11,5,14:06,목,2015,11,5,16:30,경북,경북,영덕,지품,낙평,입,기타(직접입력),입산자 실화추정,0.5,2015115
2015,12,12,13:32,토,2015,12,12,15:10,강원,강원,횡성,횡성,갈풍,쓰,쓰레기소각,,0.03,20151212
2015,12,16,13:40,수,2015,12,16,16:00,강원,강원,양양,현남,인구,입,등산객실화,,0.1,20151216
2015,12,19,20:04,토,2015,12,19,21:00,강원,강원,인제,남,어론,기,기타(직접입력),화목보일러 재 발화,0.01,20151219
2015,12,22,13:54,화,2015,12,22,14:30,강원,강원,강릉,학,,담,담뱃불실화,,0.01,20151222
2015,12,28,15:10,월,2015,12,28,17:30,경북,경북,문경,호계,선암,입,기타(직접입력),모닥불,0.8,20151228
2015,12,29,14:00,화,2015,12,29,16:30,남부,경북,봉화,석포,대현,기,작업장실화,,0.1,20151229
2016,01,3,14:03,일,2016,1,3,16:20,경북,경북,영양,청기,상청,입,기타(직접입력),입산자 실화추정,0.5,2016013
2016,01,6,17:48,수,2016,1,6,21:20,경북,경북,울진,금강송,광회,건,주택화재비화,,0.3,2016016
2016,01,6,15:13,수,2016,1,6,16:30,강원,강원,고성,거진,거진,담,담뱃불실화,,0.06,2016016
2016,01,8,13:20,금,2016,1,8,14:15,경북,경북,칠곡,동명,금암,쓰,쓰레기소각,,0.2,2016018
2016,01,9,14:48,토,2016,1,9,16:40,경북,경북,영양,일월,주곡,쓰,쓰레기소각,,0.3,2016019
2016,01,12,14:28,화,2016,1,12,15:20,강원,강원,양구,남,가오작,쓰,쓰레기소각,,0.05,20160112
2016,01,13,11:25,수,2016,1,13,12:05,강원,강원,원주,호저,매호,기,논밭두렁소각,,0.03,20160113
2016,01,17,11:18,일,2016,1,17,12:25,경북,경북,안동,풍산,마애,기,농산폐기물소각,,0.01,20160117
2016,01,19,18:40,화,2016,1,19,21:29,강원,강원,강릉,구정,금광,건,기타(직접입력),보일러실 화재비화,3.0,20160119
2016,01,22,16:25,금,2016,1,22,17:30,강원,강원,춘천,신동,팔미,입,기타(직접입력),입산자 실화추정,0.01,20160122
2016,01,25,17:02,월,2016,1,25,20:00,강원,강원,춘천,남,발산,기,기타(직접입력),보일러 연통불씨 비화,0.3,20160125
2016,01,26,16:46,화,2016,1,26,17:50,강원,강원,양양,강현,사교,쓰,기타(직접입력),호두껍질 소각,0.03,20160126
2016,01,26,03:58,화,2016,1,26,07:00,강원,강원,춘천,서,지암,기,기타(직접입력),조사중,0.1,20160126
2016,01,27,16:22,수,2016,1,27,17:22,강원,강원,원주,귀래,운계,쓰,쓰레기소각,,0.15,20160127
2016,01,29,11:51,금,2016,1,29,14:00,강원,강원,홍천,북방,상화계,입,기타(직접입력),입산자 실화추정(조사중),0.03,20160129
2016,01,29,01:22,금,2016,1,29,04:30,강원,강원,홍천,내촌,서곡,쓰,쓰레기소각,,0.05,20160129
2016,01,31,13:07,일,2016,1,31,14:10,강원,강원,영월,수주,운학,건,주택화재비화,,0.05,20160131
2016,02,1,17:49,월,2016,2,1,19:30,강원,강원,홍천,내촌,답풍,기,기타(직접입력),화목보일러 재,0.3,2016021
2016,02,1,14:36,월,2016,2,1,15:30,북부,강원,원주,신림,황둔,입,기타(직접입력),성묘객 담뱃불,0.01,2016021
2016,02,4,13:45,목,2016,2,4,14:35,경북,경북,영주,단산,단곡,기,농산폐기물소각,,0.1,2016024
2016,02,4,13:35,목,2016,2,4,17:00,강원,강원,춘천,동,장학,기,기타(직접입력),나무보일러 재 비화,1.0,2016024
2016,02,4,11:22,목,2016,2,4,12:44,강원,강원,원주,문막,취병,쓰,쓰레기소각,,0.05,2016024
2016,02,5,15:56,금,2016,2,5,17:50,강원,강원,횡성,우천,하궁,쓰,쓰레기 소각(낙엽)_,,0.8,2016025
2016,02,7,15:30,일,2016,2,7,18:20,경북,경북,영주,부석,우곡,기,농산폐기물 소각(밭두렁 소각),,1.5,2016027
2016,02,8,13:22,월,2016,2,8,15:45,강원,강원,횡성,횡성,정암,기,농산폐기물 소각,,3.0,2016028
2016,02,8,12:20,월,2016,2,8,13:25,경북,경북,영천,북안,자포,기,성묘객 실화,,0.2,2016028
2016,02,9,17:37,화,2016,2,9,18:40,경북,경북,안동,풍산,노,쓰,쓰레기 소각,,0.03,2016029
2016,02,9,14:50,화,2016,2,9,15:40,경북,경북,청도,각북,금천,기,농산폐기물 소각,,0.06,2016029
2016,02,10,13:40,수,2016,2,10,15:45,강원,강원,춘천,북산,청평,기,무속행위,,0.02,20160210
2016,02,10,15:15,수,2016,2,10,16:02,경북,경북,영양,영양,하원,기,농산폐기물 소각,,0.2,20160210
2016,02,18,23:20,목,2016,2,19,02:00,강원,강원,동해,발한,,기,기타(직접입력),원인미상,0.8,20160218
2016,02,21,15:15,일,2016,2,21,17:35,강원,강원,정선,남,무릉,기,기타(직접입력),화목보일러 불씨 비화추정,0.3,20160221
2016,02,21,09:06,일,2016,2,21,13:30,강원,강원,정선,신동,조동,기,기타(직접입력),철도 고압선 절단 스파크,0.3,20160221
2016,02,23,17:50,화,2016,2,23,19:30,강원,강원,화천,사내,광덕,입,등산객실화,,0.03,20160223
2016,02,23,14:35,화,2016,2,23,16:16,경북,경북,예천,지보,송평,기,논밭두렁소각,,0.5,20160223
2016,02,23,13:52,화,2016,2,23,15:54,강원,강원,양구,양구,한전,기,기타(직접입력),UDT훈련중 교탄사용,0.5,20160223
2016,02,23,13:40,화,2016,2,23,16:30,강원,강원,인제,북,용대,입,기타(직접입력),입산자 실화추정,1.0,20160223
2016,02,26,15:40,금,2016,2,26,16:15,강원,강원,영월,상동,내덕,쓰,쓰레기소각,,0.05,20160226
2016,02,26,14:43,금,2016,2,26,15:35,강원,강원,춘천,동내,학곡,기,논밭두렁소각,,0.01,20160226
2016,02,29,10:35,월,2016,2,29,11:30,경북,경북,경주,안강,두류,기,기타(직접입력),원인미상,0.03,20160229
2016,03,2,18:00,수,2016,3,2,19:30,강원,강원,강릉,성산,어흘,기,기타(직접입력),화목보일러 불씨비화 추정,0.1,2016032
2016,03,3,13:55,목,2016,3,3,15:10,경북,경북,안동,신세,,쓰,쓰레기소각,,0.1,2016033
2016,03,4,17:30,금,2016,3,4,20:10,북부,강원,철원,갈말,문혜,기,기타(직접입력),원인미상,0.1,2016034
2016,03,4,13:34,금,2016,3,4,14:50,강원,강원,춘천,북산,추곡,입,등산객실화,,0.03,2016034
2016,03,6,15:28,일,2016,3,6,17:00,강원,강원,정선,남,유평,쓰,쓰레기소각,,0.1,2016036
2016,03,14,16:15,월,2016,3,14,17:30,경북,경북,경산,와촌,대한,기,무속행위,,0.1,20160314
2016,03,15,17:11,화,2016,3,15,18:09,강원,강원,화천,상서,부촌,입,기타(직접입력),입산자 실화추정,0.1,20160315
2016,03,15,11:56,화,2016,3,15,12:30,경북,경북,성주,월향,지방,기,농산폐기물소각,,0.1,20160315
2016,03,16,13:08,수,2016,3,16,13:45,강원,강원,횡성,우천,오원,쓰,쓰레기소각,,0.04,20160316
2016,03,16,11:27,수,2016,3,16,12:20,강원,강원,영월,북,문곡,기,농산폐기물소각,,0.02,20160316
2016,03,16,16:55,수,2016,3,16,17:30,남부,경북,영덕,남정,중화,담,담뱃불실화,,0.22,20160316
2016,03,17,19:45,목,2016,3,17,20:55,경북,경북,영천,청통,신덕,기,농산폐기물소각,,0.05,20160317
2016,03,17,18:02,목,2016,3,17,20:40,남부,경북,문경,가은,죽문,기,논밭두렁소각,,1.5,20160317
2016,03,17,18:19,목,2016,3,17,23:59,경북,경북,영주,단산,마락,기,농산폐기물소각,,0.4,20160317
2016,03,17,12:30,목,2016,3,17,13:50,강원,강원,홍천,서,굴업,쓰,쓰레기소각,,0.1,20160317
2016,03,17,12:20,목,2016,3,17,13:35,강원,강원,강릉,성산,관음,담,담뱃불실화,,0.6,20160317
2016,03,17,11:05,목,2016,3,17,11:40,경북,경북,상주,사벌,덕가,기,농산폐기물소각,,0.3,20160317
2016,03,18,13:46,금,2016,3,18,15:50,강원,강원,춘천,동산,원창,기,농산폐기물소각,,0.6,20160318
2016,03,23,16:30,수,2016,3,23,16:56,강원,강원,원주,호저,옥산,담,담뱃불실화,,0.03,20160323
2016,03,24,13:02,목,2016,3,24,13:53,강원,강원,원주,소초,교항,담,담뱃불실화,,0.09,20160324
2016,03,25,12:17,금,2016,3,25,12:57,경북,경북,상주,이안,문창,기,농산폐기물소각,,0.03,20160325
2016,03,27,11:43,일,2016,3,27,13:50,강원,강원,화천,사내,광덕,쓰,쓰레기소각,,0.3,20160327
2016,03,27,12:17,일,2016,3,27,13:55,경북,경북,안동,임동,사월,기,낚시꾼실화,,0.2,20160327
2016,03,27,16:18,일,2016,3,27,18:00,경북,경북,영양,영양,현,기,논밭두렁소각,,0.7,20160327
2016,03,28,18:15,월,2016,3,28,19:00,강원,강원,원주,신림,성남,쓰,쓰레기소각,,0.03,20160328
2016,03,28,13:03,월,2016,3,28,18:39,강원,강원,철원,김화,청양,입,등산객실화,,2.0,20160328
2016,03,28,11:24,월,2016,3,28,12:40,경북,경북,상주,함창,하갈,기,논밭두렁소각,,0.6,20160328
2016,03,30,17:47,수,2016,3,30,19:00,경북,경북,안동,도산,의촌,기,논밭두렁소각,,0.02,20160330
2016,03,30,14:46,수,2016,3,31,12:33,경북,경북,상주,외서,예의,기,논밭두렁소각,,92.6,20160330
2016,03,30,13:21,수,2016,3,30,17:00,경북,경북,의성,단촌,구계,입,기타(직접입력),,0.4,20160330
2016,03,31,12:52,목,2016,3,31,15:30,강원,강원,화천,사내,명월,입,기타(직접입력),,1.5,20160331
2016,04,1,11:20,금,2016,4,1,12:18,강원,강원,평창,진부,상진부,쓰,쓰레기소각,,0.2,2016041
2016,04,1,10:06,금,2016,4,1,11:10,강원,강원,철원,갈말,문혜,건,주택화재비화,,0.2,2016041
2016,04,1,12:45,금,2016,4,1,20:20,강원,강원,양구,남,송우,입,기타(직접입력),입산자 실화추정,14.4,2016041
2016,04,1,16:48,금,2016,4,1,17:55,강원,강원,횡성,횡성,갈풍,쓰,쓰레기소각,,0.5,2016041
2016,04,2,19:42,토,2016,4,3,07:20,경북,경북,예천,용문,상금곡,기,논밭두렁소각,,66.5,2016042
2016,04,2,15:24,토,2016,4,2,16:54,동부,강원,영월,김삿갓,진별,기,기타(직접입력),사유임도변 차량화재,1.0,2016042
2016,04,2,19:05,토,2016,4,3,01:00,강원,강원,평창,방림,운교,기,농산폐기물소각,,4.6,2016042
2016,04,2,14:20,토,2016,4,2,18:00,강원,강원,홍천,서,어유포,기,작업장실화,,3.9,2016042
2016,04,4,17:52,월,2016,4,4,18:51,강원,강원,화천,하남,거례,입,기타(직접입력),입산자 실화추정,0.01,2016044
2016,04,5,16:12,화,2016,4,5,17:50,경북,경북,청송,현동,인지,기,성묘객실화,,0.1,2016045
2016,04,6,15:10,수,2016,4,6,16:24,강원,강원,원주,부론,정산,기,논밭두렁소각,,0.05,2016046
2016,04,6,19:40,수,2016,4,6,21:50,강원,강원,홍천,동,좌운,입,등산객실화,,0.8,2016046
2016,04,9,15:32,토,2016,4,9,16:44,강원,강원,고성,죽왕,오봉,입,기타(직접입력),입산자 실화추정,0.08,2016049
2016,04,11,12:51,월,2016,4,11,14:20,강원,강원,춘천,신북,용산,담,담뱃불실화,,0.7,20160411
2016,04,16,15:13,토,2016,4,16,16:23,강원,강원,삼척,미로,사둔,입,등산객실화,,0.2,20160416
2016,04,24,10:35,일,2016,4,24,12:15,강원,강원,삼척,원덕,임원,입,기타(직접입력),입산자 실화추정(조사중),0.37,20160424
2016,04,25,23:07,월,2016,4,26,00:25,경북,경북,청도,각북,삼평,기,방화,,0.02,20160425
2016,04,26,12:35,화,2016,4,26,13:50,강원,강원,인제,남,상수내,쓰,쓰레기소각,,0.09,20160426
2016,04,30,19:05,토,2016,4,30,20:15,강원,강원,강릉,연곡,삼산,입,기타(직접입력),취사행위,0.03,20160430
2016,05,1,08:35,일,2016,5,1,09:30,동부,강원,평창,봉평,덕거,입,산나물채취객실화,,0.01,2016051
2016,05,7,16:44,토,2016,5,7,17:50,남부,경북,봉화,석포,대현,입,기타(직접입력),입산자 실화추정(조사중),0.4,2016057
2016,05,7,16:40,토,2016,5,7,19:00,강원,강원,삼척,하장,장전,입,기타(직접입력),입산자 실화추정,0.03,2016057
2016,05,9,13:23,월,2016,5,9,16:05,동부,강원,영월,주천,판운,기,기타(직접입력),화목보일러 불티,0.2,2016059
2016,05,12,17:24,목,2016,5,12,19:30,강원,강원,삼척,근덕,부남,기,기타(직접입력),군사훈련(신호탄),0.05,20160512
2016,05,14,15:20,토,2016,5,14,18:00,강원,강원,정선,남,무릉,기,작업장실화,,2.0,20160514
2016,05,14,12:35,토,2016,5,14,14:20,강원,강원,정선,신동,운치,기,작업장실화,,0.3,20160514
2016,05,15,13:12,일,2016,5,15,15:30,강원,강원,정선,신동,운치,입,기타(직접입력),입산자 실화추정(조사중),0.1,20160515
2016,05,18,13:14,수,2016,5,18,15:40,강원,강원,양양,강현,침교,기,농산폐기물소각,,0.05,20160518
2016,05,20,15:18,금,2016,5,20,16:23,강원,강원,원주,소초,홍양,입,기타(직접입력),입산자실화추정,0.08,20160520
2016,05,21,19:55,토,2016,5,21,21:40,강원,강원,양구,양구,학조,쓰,쓰레기소각,,0.05,20160521
2016,05,21,15:04,토,2016,5,21,18:00,강원,강원,춘천,신동,의암,기,작업장실화,,0.01,20160521
2016,05,22,12:54,일,2016,5,22,15:22,경북,경북,울진,기성,사동,입,기타(직접입력),입산자 실화추정,0.05,20160522
2016,05,30,13:45,월,2016,5,30,15:50,강원,강원,평창,진부,송정,쓰,쓰레기소각,,1.0,20160530
2016,06,2,13:55,목,2016,6,2,17:45,경북,경북,봉화,춘양,우구치,기,기타(직접입력),원인미상,0.1,2016062
2016,06,3,11:45,금,2016,6,3,12:40,강원,강원,인제,남,어론,입,기타(직접입력),입산자 실화추정,0.1,2016063
2016,06,3,11:10,금,2016,6,3,15:40,동부,강원,삼척,원덕,오목,입,등산객실화,,0.5,2016063
2016,06,4,11:05,토,2016,6,4,13:00,강원,강원,화천,하남,거례,입,기타(직접입력),입산자 실화추정,0.01,2016064
2016,06,4,06:07,토,2016,6,4,11:40,동부,강원,고성,토성,원암,기,기타(직접입력),차량전복화재,0.3,2016064
2016,06,5,10:46,일,2016,6,5,12:50,강원,강원,인제,남,남전,건,주택화재비화,,0.1,2016065
2016,06,5,09:00,일,2016,6,5,12:00,경북,경북,청송,파천,신흥,입,기타(직접입력),입산자 실화추정,0.1,2016065
2016,06,6,14:50,월,2016,6,6,17:00,북부,강원,인제,남,부평,입,기타(직접입력),입산자 실화추정,0.01,2016066
2016,06,6,12:48,월,2016,6,6,15:30,강원,강원,강릉,연곡,유등,기,농산폐기물소각,,0.1,2016066
2016,06,10,13:07,금,2016,6,10,14:30,강원,강원,정선,신동,덕천,기,농산폐기물소각,,0.2,20160610
2016,06,10,12:55,금,2016,6,10,14:35,강원,강원,홍천,내촌,도관,쓰,쓰레기소각,,0.1,20160610
2016,06,17,13:10,금,2016,6,17,14:40,강원,강원,춘천,서,덕두원,입,기타(직접입력),입산자 실화추정,0.01,20160617
2016,06,18,15:30,토,2016,6,18,16:30,경북,경북,경주,조양,,쓰,쓰레기소각,,0.03,20160618
2016,06,20,15:45,월,2016,6,20,17:21,강원,강원,원주,흥업,대안,입,등산객실화,,0.05,20160620
2016,06,28,17:50,화,2016,6,28,18:50,경북,경북,영양,석보,택전,기,농산폐기물소각,,0.05,20160628
2016,06,28,13:22,화,2016,6,28,16:30,경북,경북,울진,온정,조금,기,기타(직접입력),원인미상,0.01,20160628
2016,06,29,14:30,수,2016,6,29,16:30,강원,강원,횡성,서원,석화,기,기타(직접입력),원인미상,0.3,20160629
2016,06,30,16:37,목,2016,6,30,20:10,남부,경북,봉화,소천,남회룡,입,기타(직접입력),입산자 실화추정,0.1,20160630
2016,08,11,10:42,목,2016,8,11,14:10,경북,경북,경주,안강,두류,기,기타(직접입력),차량용 가스통 가공회사 가스통 폭발,0.6,20160811
2016,08,14,08:59,일,2016,8,14,10:30,경북,경북,안동,풍산,노,쓰,쓰레기소각,,0.02,20160814
2016,08,18,15:55,목,2016,8,18,18:46,북부,강원,횡성,서원,옥계,입,등산객실화,,0.04,20160818
2016,08,21,18:40,일,2016,8,22,07:15,경북,경북,칠곡,가산,다부,기,기타(직접입력),원인미상,0.4,20160821
2016,08,23,16:28,화,2016,8,23,18:44,강원,강원,원주,귀래,귀래,기,기타(직접입력),조사중,0.03,20160823
2016,08,27,15:50,토,2016,8,27,17:40,경북,경북,영천,화산,부계,기,성묘객실화,,0.1,20160827
2016,09,20,14:10,화,2016,9,20,16:30,북부,강원,춘천,사북,고성,입,기타(직접입력),입산자 실화추정,0.01,20160920
2016,11,14,12:33,월,2016,11,14,13:10,강원,강원,삼척,하장,광동,기,기타(직접입력),화덕재 버림,0.01,20161114
2016,11,16,09:41,수,2016,11,16,11:36,남부,경북,봉화,소천,분천,입,기타(직접입력),입산자 실화,0.01,20161116
2016,11,21,04:29,월,2016,11,21,05:50,강원,강원,강릉,구정,제비,기,기타(직접입력),조사중,0.01,20161121
2016,11,25,17:45,금,2016,11,25,18:50,강원,강원,횡성,횡성,청용,기,기타(직접입력),야외화덕 불씨비화,0.03,20161125
2016,11,29,04:35,화,2016,11,29,05:30,강원,강원,강릉,주문진,장덕,기,기타(직접입력),차량화재로 인한 산화,0.01,20161129
2016,12,2,12:37,금,2016,12,2,13:30,강원,강원,철원,서,자등,입,기타(직접입력),입산자 실화추정,0.02,2016122
2016,12,9,17:50,금,2016,12,9,18:25,경북,경북,고령,대가야,쾌빈,입,기타(직접입력),입산자 모닥불 불씨비화 추정,0.16,2016129
2016,12,17,12:55,토,2016,12,17,17:00,경북,경북,영덕,영덕,화수,입,기타(직접입력),입산자 실화추정,1.6,20161217
2017,01,11,20:25,수,2017,1,11,22:00,경북,경북,영양,청기,기포,쓰,쓰레기소각,,0.5,20170111
2017,01,11,14:22,수,2017,1,11,16:00,강원,강원,춘천,서,현암,기,기타(직접입력),화목보일러 재처리 부주의,0.05,20170111
2017,01,12,16:19,목,2017,1,12,17:30,강원,강원,강릉,사천,판교,입,등산객실화,,0.03,20170112
2017,01,14,21:44,토,2017,1,14,22:55,강원,강원,양양,현북,하광정,기,기타(직접입력),풍등,0.07,20170114
2017,01,16,13:39,월,2017,1,16,14:15,강원,강원,양양,서,오색,쓰,쓰레기소각,,0.02,20170116
2017,01,19,18:55,목,2017,1,19,19:35,강원,강원,강릉,구정,어단,건,주택화재비화,,0.05,20170119
2017,01,26,15:30,목,2017,1,26,16:40,경북,경북,안동,도산,온혜,기,기타(직접입력),원인미상,0.1,20170126
2017,02,2,11:43,목,2017,2,2,12:12,경북,경북,칠곡,지천,송정,입,등산객실화,,0.05,2017022
2017,02,3,10:25,금,2017,2,3,11:15,경북,경북,경주,강동,유금,입,기타(직접입력),입산자 실화추정,0.1,2017023
2017,02,4,13:09,토,2017,2,4,16:15,남부,경북,영덕,지품,속곡,담,기타(직접입력),,0.98,2017024
2017,02,4,13:10,토,2017,2,4,15:35,경북,경북,구미,해평,도문,기,기타(직접입력),원인미상,0.3,2017024
2017,02,10,12:50,금,2017,2,10,14:20,경북,경북,안동,도산,동부,입,등산객실화,,0.01,20170210
2017,02,12,14:56,일,2017,2,12,17:00,경북,경북,청송,진보,고현,입,등산객실화,,0.1,20170212
2017,02,16,16:35,목,2017,2,16,17:40,경북,경북,상주,사벌,덕가,기,논밭두렁소각,,0.1,20170216
2017,02,19,15:10,일,2017,2,19,16:30,경북,경북,군위,고로,인곡,쓰,쓰레기소각,,0.2,20170219
2017,02,21,11:56,화,2017,2,21,12:55,강원,강원,강릉,강동,안인진,입,등산객실화,,0.03,20170221
2017,02,22,09:15,수,2017,2,22,09:45,강원,강원,강릉,강동,안인진,입,등산객실화,,0.01,20170222
2017,02,28,13:10,화,2017,2,28,15:20,경북,경북,안동,일직,용각,쓰,기타(직접입력),축산폐기물 소각,0.8,20170228
2017,02,28,13:00,화,2017,2,28,14:00,강원,강원,원주,호저,옥산,쓰,쓰레기소각,,0.1,20170228
2017,02,28,10:53,화,2017,2,28,11:52,강원,강원,홍천,내촌,물걸,쓰,쓰레기소각,,0.2,20170228
2017,03,3,21:20,금,2017,3,3,23:55,강원,강원,홍천,서,팔봉,기,기타(직접입력),풍등,0.01,2017033
2017,03,4,15:00,토,2017,3,4,17:15,경북,경북,영주,부석,보계,기,농산폐기물소각,,2.0,2017034
2017,03,9,12:14,목,2017,3,9,13:10,경북,경북,영주,이산,신암,기,기타(직접입력),차량화재,0.05,2017039
2017,03,9,10:28,목,2017,3,10,22:30,강원,강원,강릉,옥계,산계,입,기타(직접입력),입산자 실화,160.41,2017039
2017,03,10,21:30,금,2017,3,11,00:00,북부,강원,홍천,홍천,상오안,기,기타(직접입력),원인미상(조사중),0.2,20170310
2017,03,10,14:20,금,2017,3,10,15:20,경북,경북,문경,농암,선곡,기,기타(직접입력),예취기 과열로인한 발화,0.03,20170310
2017,03,10,13:55,금,2017,3,10,16:00,경북,경북,영양,입암,양항,기,기타(직접입력),벌통훈연기취급 부주의,0.5,20170310
2017,03,10,13:40,금,2017,3,10,14:25,경북,경북,청도,매전,지전,쓰,쓰레기소각,,0.03,20170310
2017,03,10,12:50,금,2017,3,10,14:10,강원,강원,삼척,도계,늑구,건,기타(직접입력),주택내 쓰레기소각,0.1,20170310
2017,03,10,11:35,금,2017,3,10,12:20,강원,강원,춘천,동,만천,입,등산객실화,,0.01,20170310
2017,03,11,15:13,토,2017,3,11,18:30,경북,경북,영천,화남,죽곡,기,논밭두렁소각,,5.2,20170311
2017,03,11,14:58,토,2017,3,11,20:00,북부,강원,양구,남,가오작,기,기타(직접입력),방위사업청 무인기 시험사업 중 발화,0.3,20170311
2017,03,11,14:15,토,2017,3,11,15:20,경북,경북,문경,가은,전곡,기,성묘객실화,,0.09,20170311
2017,03,11,13:46,토,2017,3,11,15:15,경북,경북,의성,점곡,동변,기,기타(직접입력),트랙터 화재,0.2,20170311
2017,03,11,16:28,토,2017,3,11,19:00,강원,강원,홍천,서,팔봉,입,등산객실화,,0.05,20170311
2017,03,12,12:34,일,2017,3,12,13:50,경북,경북,경주,양북,권이,기,논밭두렁소각,,0.03,20170312
2017,03,12,17:45,일,2017,3,12,19:40,강원,강원,춘천,서,안보,쓰,쓰레기소각,,0.3,20170312
2017,03,13,12:23,월,2017,3,13,16:20,경북,경북,청송,진보,신촌,입,기타(직접입력),입산자 실화추정,0.2,20170313
2017,03,13,15:38,월,2017,3,13,17:00,강원,강원,영월,김삿갓,와석,기,작업장실화,,0.3,20170313
2017,03,13,16:15,월,2017,3,13,16:43,경북,경북,구미,상모,,입,등산객실화,,0.01,20170313
2017,03,14,18:30,화,2017,3,14,21:15,경북,경북,경주,내남,월산,입,등산객실화,,0.3,20170314
2017,03,14,15:11,화,2017,3,14,18:20,강원,강원,홍천,서,모곡,입,등산객실화,,0.5,20170314
2017,03,14,12:26,화,2017,3,14,14:55,강원,강원,춘천,서,안보,기,논밭두렁소각,,0.3,20170314
2017,03,14,12:15,화,2017,3,14,14:00,강원,강원,화천,상서,다목,입,기타(직접입력),입산자 실화추정,0.1,20170314
2017,03,15,11:02,수,2017,3,15,12:30,강원,강원,춘천,동산,원창,입,등산객실화,,0.05,20170315
2017,03,17,13:46,금,2017,3,17,14:47,강원,강원,철원,동송,양지,쓰,기타(직접입력),나뭇가지채취 소각,0.1,20170317
2017,03,18,16:50,토,2017,3,18,18:00,강원,강원,원주,흥업,흥업,건,주택화재비화,,0.03,20170318
2017,03,18,13:00,토,2017,3,18,14:10,강원,강원,고성,토성,성천,입,기타(직접입력),입산자 실화추정,0.1,20170318
2017,03,19,12:45,일,2017,3,19,14:58,경북,경북,안동,북후,오산,기,농산폐기물소각,,0.1,20170319
2017,03,19,11:35,일,2017,3,19,13:30,경북,경북,청송,안덕,노래,기,기타(직접입력),화목보일러 불씨 비화 추정,0.03,20170319
2017,03,19,10:58,일,2017,3,19,14:58,강원,강원,화천,하남,논미,기,농산폐기물소각,,1.5,20170319
2017,03,19,10:48,일,2017,3,19,14:07,경북,경북,안동,예안,인계,건,주택화재비화,,0.1,20170319
2017,03,19,10:44,일,2017,3,19,12:39,강원,강원,평창,용평,도사,건,주택화재비화,,0.3,20170319
2017,03,19,14:25,일,2017,3,19,15:15,강원,강원,영월,영월,영흥,쓰,쓰레기소각,,0.2,20170319
2017,03,19,14:16,일,2017,3,19,15:20,경북,경북,김천,대덕,중산,기,농산폐기물소각,,0.03,20170319
2017,03,19,18:14,일,2017,3,19,20:00,강원,강원,춘천,석사,,기,농산폐기물소각,,0.05,20170319
2017,03,21,14:35,화,2017,3,21,16:45,경북,경북,예천,개포,신음,기,논밭두렁소각,,0.5,20170321
2017,03,22,17:54,수,2017,3,22,20:15,강원,강원,화천,사내,사창,입,기타(직접입력),입산자 실화추정,0.15,20170322
2017,03,22,16:38,수,2017,3,22,17:35,강원,강원,인제,인제,남북,입,등산객실화,,0.01,20170322
2017,03,22,16:35,수,2017,3,22,18:00,경북,경북,문경,산양,봉정,기,무속행위,,0.15,20170322
2017,03,22,16:02,수,2017,3,22,18:30,남부,경북,봉화,법전,소천,입,기타(직접입력),입산자 실화추정,2.2,20170322
2017,03,23,13:56,목,2017,3,23,17:05,경북,경북,의성,다인,용곡,기,논밭두렁소각,,1.5,20170323
2017,03,23,13:42,목,2017,3,23,15:30,강원,강원,횡성,갑천,삼거,기,작업장실화,,0.5,20170323
2017,03,30,15:21,목,2017,3,30,17:30,강원,강원,홍천,화촌,성산,기,농산폐기물소각,,0.51,20170330
2017,03,30,15:10,목,2017,3,30,16:30,북부,강원,춘천,서,당림,기,농산폐기물소각,,0.01,20170330
2017,04,4,19:40,화,2017,4,4,21:15,강원,강원,철원,갈말,문혜,입,기타(직접입력),입산자 실화,0.1,2017044
2017,04,8,13:28,토,2017,4,8,15:17,강원,강원,영월,무릉도원,운학,기,기타(직접입력),화덕재 비화,0.3,2017048
2017,04,10,16:50,월,2017,4,10,19:20,북부,강원,철원,서,자등,입,기타(직접입력),입산자 실화추정,0.01,20170410
2017,04,10,11:20,월,2017,4,10,14:00,강원,강원,원주,소초,평장,기,작업장실화,,0.2,20170410
2017,04,12,08:40,수,2017,4,12,10:49,강원,강원,철원,동송,상노,기,농산폐기물소각,,0.01,20170412
2017,04,13,12:10,목,2017,4,13,13:30,경북,경북,예천,감천,마촌,기,논밭두렁소각,,0.1,20170413
2017,04,13,15:41,목,2017,4,13,16:00,강원,강원,고성,거진,화포,기,기타(직접입력),전기선 누선추정,0.02,20170413
2017,04,13,16:15,목,2017,4,13,17:00,경북,경북,문경,동로,노은,입,기타(직접입력),입산자실화추정,0.01,20170413
2017,04,13,11:12,목,2017,4,13,14:00,강원,강원,춘천,서,덕두원,담,담뱃불실화,,0.35,20170413
2017,04,20,11:30,목,2017,4,20,12:08,강원,강원,고성,죽왕,오봉,입,기타(직접입력),입산자 실화,0.01,20170420
2017,04,23,15:35,일,2017,4,23,17:40,남부,경북,울진,온정,선구,입,등산객실화,,0.1,20170423
2017,04,23,15:35,일,2017,4,23,16:07,강원,강원,속초,설악,,기,기타(직접입력),전기누전,0.01,20170423
2017,04,23,14:03,일,2017,4,23,16:01,강원,강원,양구,양구,도사,기,기타(직접입력),미상,0.12,20170423
2017,04,23,13:11,일,2017,4,23,14:20,강원,강원,영월,중동,연상,쓰,쓰레기소각,,0.2,20170423
2017,04,23,03:08,일,2017,4,23,04:30,강원,강원,횡성,횡성,조곡,기,기타(직접입력),미상,0.06,20170423
2017,04,24,13:59,월,2017,4,24,14:49,강원,강원,강릉,연곡,동덕,담,담뱃불실화,,0.3,20170424
2017,04,26,12:18,수,2017,4,26,14:00,경북,경북,예천,지보,수월,기,농산폐기물소각,,0.06,20170426
2017,04,26,15:20,수,2017,4,26,21:00,북부,강원,홍천,화촌,풍천,입,기타(직접입력),입산자 실화,0.2,20170426
2017,04,27,14:25,목,2017,4,27,15:35,경북,경북,안동,임하,금소,입,등산객실화,,0.01,20170427
2017,04,28,18:22,금,2017,4,29,07:20,경북,경북,칠곡,왜관,금산,입,기타(직접입력),입목(아까시나무)소각,1.25,20170428
2017,04,28,14:00,금,2017,4,28,20:00,북부,강원,홍천,내,광원,입,기타(직접입력),입산자 실화,0.1,20170428
2017,04,28,13:19,금,2017,4,28,16:23,경북,경북,칠곡,동명,가천,입,산나물채취객실화,,0.3,20170428
2017,04,29,18:33,토,2017,4,30,11:00,북부,강원,춘천,칠전,,기,기타(직접입력),조사중,0.5,20170429
2017,04,29,15:57,토,2017,4,29,16:50,강원,강원,춘천,동산,원창,입,등산객실화,,0.01,20170429
2017,04,29,12:24,토,2017,4,29,13:45,강원,강원,춘천,서,방동,입,등산객실화,,0.02,20170429
2017,04,29,10:22,토,2017,4,29,12:33,경북,경북,경주,내남,노곡,입,등산객실화,,0.3,20170429
2017,04,29,05:20,토,2017,4,29,07:13,강원,강원,고성,거진,송강,입,등산객실화,,0.1,20170429
2017,04,30,09:50,일,2017,4,30,11:30,경북,경북,문경,동로,석항,입,등산객실화,,0.1,20170430
2017,05,1,14:40,월,2017,5,1,15:55,강원,강원,고성,간성,탑동,입,등산객실화,,0.05,2017051
2017,05,1,12:30,월,2017,5,1,16:30,북부,강원,인제,남,관대,기,기타(직접입력),조사중,0.5,2017051
2017,05,2,15:01,화,2017,5,2,15:33,강원,강원,고성,거진,화포,입,기타(직접입력),입산자 실화,0.05,2017052
2017,05,2,14:54,화,2017,5,2,20:00,북부,강원,홍천,내촌,와야,쓰,쓰레기소각,,0.3,2017052
2017,05,2,13:20,화,2017,5,2,15:10,강원,강원,원주,문막,비두,입,기타(직접입력),입산자 실화,0.05,2017052
2017,05,2,12:30,화,2017,5,2,13:30,강원,강원,원주,부론,정산,기,논밭두렁소각,,0.1,2017052
2017,05,3,11:17,수,2017,5,3,17:00,강원,강원,홍천,북방,성동,입,기타(직접입력),입산자 실화,1.3,2017053
2017,05,3,20:27,수,2017,5,3,23:50,동부,강원,영월,상동,내덕,입,기타(직접입력),입산자 실화추정,0.1,2017053
2017,05,3,17:19,수,2017,5,3,18:30,동부,강원,영월,영월,팔괴,입,기타(직접입력),입산자 실화추정,0.01,2017053
2017,05,3,17:02,수,2017,5,3,19:00,강원,강원,홍천,북방,화동,기,농산폐기물소각,,0.05,2017053
2017,05,3,15:23,수,2017,5,3,16:22,남부,경북,상주,화북,용유,입,기타(직접입력),입산자 실화추정,0.1,2017053
2017,05,3,14:30,수,2017,5,3,19:30,동부,강원,영월,상동,내덕,입,기타(직접입력),입산자 실화,0.5,2017053
2017,05,5,18:23,공,2017,5,5,20:30,강원,강원,홍천,동,월운,입,기타(직접입력),입산자 실화추정,0.01,2017055
2017,05,5,15:04,금,2017,5,5,15:45,강원,강원,강릉,왕산,대기,입,기타(직접입력),입산자 실화,0.05,2017055
2017,05,5,14:50,금,2017,5,5,16:05,강원,강원,정선,남,낙동,입,기타(직접입력),입산자 실화,0.1,2017055
2017,05,5,13:30,금,2017,5,5,17:00,경북,경북,영양,일월,도계,입,기타(직접입력),입산자 실화추정,1.0,2017055
2017,05,6,16:30,토,2017,5,6,18:30,남부,경북,문경,가은,수예,기,논밭두렁소각,,1.5,2017056
2017,05,6,15:32,토,2017,5,9,06:34,강원,강원,강릉,성산,어흘,입,기타(직접입력),입산자 실화,252.0,2017056
2017,05,6,14:24,토,2017,5,6,16:30,강원,강원,홍천,내촌,도관,건,주택화재비화,,0.47,2017056
2017,05,6,14:19,토,2017,5,6,15:55,경북,경북,예천,보문,독양,쓰,쓰레기소각,,0.1,2017056
2017,05,6,13:59,토,2017,5,6,14:36,강원,강원,고성,간성,신안,입,기타(직접입력),입산자 실화추정,0.02,2017056
2017,05,6,11:50,토,2017,5,6,12:46,남부,경북,영양,영양,양구,기,기타(직접입력),조사중,0.01,2017056
2017,05,6,11:42,토,2017,5,9,11:20,강원,강원,삼척,도계,점,입,기타(직접입력),입산자 실화,765.12,2017056
2017,05,6,14:10,토,2017,5,8,16:30,경북,경북,상주,사벌,덕가,기,농산폐기물소각,,86.0,2017056
2017,05,7,19:14,일,2017,5,7,21:15,강원,강원,춘천,북산,오항,입,기타(직접입력),입산자 실화추정,0.1,2017057
2017,05,7,14:45,일,2017,5,8,07:00,경북,경북,영덕,영해,사진,담,담뱃불실화,,5.9,2017057
2017,05,7,19:47,일,2017,5,7,22:45,북부,강원,춘천,북산,조교,기,기타(직접입력),원인미상(조사중),0.01,2017057
2017,05,7,19:50,일,2017,5,7,20:55,경북,경북,영주,봉현,한천,기,기타(직접입력),전기누전 추정,0.05,2017057
2017,05,8,14:50,월,2017,5,8,19:00,북부,강원,홍천,홍천,상오안,입,기타(직접입력),입산자 실화,0.05,2017058
2017,05,9,14:50,화,2017,5,9,16:15,강원,강원,원주,흥업,흥업,입,기타(직접입력),입산자 실화,0.03,2017059
2017,05,19,13:32,금,2017,5,19,14:35,강원,강원,강릉,왕산,대기,담,담뱃불실화,,0.06,20170519
2017,05,19,12:25,금,2017,5,19,21:15,경북,경북,봉화,석포,석포,기,기타(직접입력),조사중,0.7,20170519
2017,05,19,04:50,금,2017,5,19,08:10,경북,경북,포항,오천,함사,입,기타(직접입력),입산자 담뱃불 실화추정,0.1,20170519
2017,05,20,15:25,토,2017,5,20,16:44,강원,강원,화천,사내,삼일,입,기타(직접입력),입산자 실화추정,0.06,20170520
2017,05,20,12:39,토,2017,5,20,14:19,동부,강원,정선,임계,덕암,입,기타(직접입력),입산자 실화추정,0.04,20170520
2017,05,20,11:10,토,2017,5,20,12:55,강원,강원,양구,동,월운,입,기타(직접입력),입산자 실화추정,0.1,20170520
2017,05,21,12:30,일,2017,5,21,17:00,북부,강원,인제,상남,상남,입,기타(직접입력),입산자 실화,0.1,20170521
2017,05,22,03:00,월,2017,5,22,07:00,경북,경북,문경,가은,원북,기,기타(직접입력),원인미상(조사중),0.5,20170522
2017,05,23,17:34,화,2017,5,23,19:54,경북,경북,경주,손곡,,입,기타(직접입력),입산자 실화추정,0.04,20170523
2017,05,25,13:31,목,2017,5,25,14:40,경북,경북,청송,현동,개일,기,농산폐기물소각,,0.05,20170525
2017,05,25,10:40,목,2017,5,25,15:00,북부,강원,춘천,서,방동,기,기타(직접입력),조사중,0.05,20170525
2017,05,26,11:07,금,2017,5,26,12:30,강원,강원,춘천,서,당림,쓰,쓰레기소각,,0.01,20170526
2017,05,27,12:33,토,2017,5,27,17:50,경북,경북,김천,증산,평촌,입,기타(직접입력),입산자 실화추정,1.0,20170527
2017,05,27,11:03,토,2017,5,27,12:25,동부,강원,평창,용평,노동,쓰,쓰레기소각,,0.08,20170527
2017,05,27,16:34,토,2017,5,27,17:50,경북,경북,김천,감천,광기,기,농산폐기물소각,,0.05,20170527
2017,05,28,13:35,일,2017,5,28,14:58,경북,경북,경주,산내,대현,입,등산객실화,,0.01,20170528
2017,05,28,14:51,일,2017,5,28,17:05,경북,경북,울진,기성,사동,건,기타(직접입력),건축물 화재로 인한 비화추정,0.1,20170528
2017,05,29,13:00,월,2017,5,29,15:10,경북,경북,영양,청기,토곡,기,농산폐기물소각,,0.05,20170529
2017,05,30,11:20,화,2017,5,30,14:20,경북,경북,봉화,상운,구천,기,농산폐기물소각,,0.1,20170530
2017,05,30,12:25,화,2017,5,30,14:20,경북,경북,봉화,명호,고감,쓰,쓰레기소각,,0.03,20170530
2017,06,1,00:50,목,2017,6,1,03:05,강원,강원,원주,문막,포진,담,담뱃불실화,,0.3,2017061
2017,06,1,17:28,목,2017,6,1,18:29,경북,경북,칠곡,가산,금화,입,기타(직접입력),입산자 실화추정,0.01,2017061
2017,06,2,19:00,금,2017,6,3,02:30,경북,경북,울진,울진,대흥,기,낙뢰,,0.3,2017062
2017,06,2,13:10,금,2017,6,2,15:30,남부,경북,울진,금강송,전곡,기,낙뢰,,0.01,2017062
2017,06,2,14:50,금,2017,6,2,16:00,강원,강원,강릉,옥계,북동,입,기타(직접입력),입산자 실화,0.06,2017062
2017,06,3,14:00,토,2017,6,3,16:30,경북,경북,봉화,물야,오록,기,기타(직접입력),원인미상,0.03,2017063
2017,06,3,11:44,토,2017,6,3,12:50,경북,경북,안동,와룡,주하,기,농산폐기물소각,,0.03,2017063
2017,06,3,05:30,토,2017,6,3,17:00,북부,강원,춘천,동,상견,기,기타(직접입력),조사중,0.2,2017063
2017,06,4,10:50,일,2017,6,4,16:00,북부,강원,인제,인제,고사,입,등산객실화,,0.3,2017064
2017,06,4,11:58,일,2017,6,4,13:45,강원,강원,화천,사내,용담,입,등산객실화,,0.1,2017064
2017,06,4,12:07,일,2017,6,5,08:15,경북,경북,성주,선남,도흥,쓰,쓰레기소각,,24.18,2017064
2017,06,4,12:20,일,2017,6,4,14:08,북부,강원,철원,근남,잠곡,담,담뱃불실화,,0.01,2017064
2017,06,4,23:37,일,2017,6,5,11:28,남부,경북,영주,부석,북지,입,기타(직접입력),입산자 실화,0.3,2017064
2017,06,5,15:00,월,2017,6,5,16:00,경북,경북,영덕,지품,수암,기,기타(직접입력),원인미상,0.01,2017065
2017,06,6,13:05,화,2017,6,6,14:13,경북,경북,의성,점곡,황룡,건,주택화재비화,,0.05,2017066
2017,06,9,16:40,금,2017,6,9,19:20,경북,경북,영양,입암,산해,입,기타(직접입력),입산자 실화추정,0.01,2017069
2017,06,11,15:43,일,2017,6,11,17:05,경북,경북,영천,금호,대미,기,선택,,0.15,20170611
2017,06,15,14:05,목,2017,6,15,17:52,남부,경북,울진,북,검성,입,기타(직접입력),입산자 실화,0.5,20170615
2017,06,16,15:34,금,2017,6,16,17:30,남부,경북,상주,모동,수봉,기,기타(직접입력),조사중,0.02,20170616
2017,06,16,16:24,금,2017,6,16,17:55,경북,경북,경주,건천,용명,입,기타(직접입력),입산자 실화,0.01,20170616
2017,06,17,19:15,토,2017,6,17,21:40,남부,경북,안동,일직,용각,기,기타(직접입력),조사중,0.2,20170617
2017,06,17,17:45,토,2017,6,17,19:00,강원,강원,횡성,강림,월현,기,논밭두렁소각,,0.01,20170617
2017,06,18,10:55,일,2017,6,18,11:50,경북,경북,칠곡,석적,도개,쓰,쓰레기소각,,0.01,20170618
2017,06,18,13:30,일,2017,6,18,15:10,경북,경북,경주,건천,용명,입,기타(직접입력),입산자 실화,0.01,20170618
2017,06,18,15:47,일,2017,6,18,17:50,경북,경북,울진,매화,신흥,쓰,쓰레기소각,,0.01,20170618
2017,06,19,21:14,월,2017,6,20,00:00,강원,강원,홍천,서석,수하,쓰,쓰레기소각,,0.24,20170619
2017,06,19,12:02,월,2017,6,19,13:00,강원,강원,강릉,왕산,대기,입,기타(직접입력),입산자 실화,0.01,20170619
2017,06,19,15:30,월,2017,6,19,18:50,경북,경북,군위,효령,금매,기,농산폐기물소각,,0.05,20170619
2017,06,19,17:17,월,2017,6,19,19:50,경북,경북,의성,단촌,장림,기,기타(직접입력),원인미상,0.2,20170619
2017,06,21,14:37,수,2017,6,21,16:10,강원,강원,철원,갈말,문혜,입,기타(직접입력),입산자 실화,0.01,20170621
2017,06,22,14:24,목,2017,6,22,16:00,경북,경북,문경,산북,약석,기,기타(직접입력),원인미상(조사중),0.01,20170622
2017,06,22,16:52,목,2017,6,22,18:00,강원,강원,양양,서,내현,입,기타(직접입력),입산자 실화(조사중),0.02,20170622
2017,06,23,14:24,금,2017,6,23,17:00,경북,경북,김천,남,문곡,기,농산폐기물소각,,0.03,20170623
2017,06,23,14:30,금,2017,6,23,18:00,북부,강원,횡성,갑천,병지방,입,기타(직접입력),입산자 실화,0.01,20170623
2017,06,23,16:23,금,2017,6,23,17:30,경북,경북,고령,우곡,사전,입,기타(직접입력),입산자 실화추정,0.04,20170623
2017,07,20,12:30,목,2017,7,20,13:10,경북,경북,경주,외동,북토,기,기타(직접입력),기계화장비 화재에 따른 산불전이,0.01,20170720
2017,11,1,03:40,수,2017,11,1,07:10,경북,경북,김천,남,오봉,기,기타(직접입력),원인미상,0.3,2017111
2017,11,11,18:20,토,2017,11,12,10:30,경북,경북,포항,죽장,합덕,담,기타(직접입력),담뱃불 추정,0.1,20171111
2017,11,15,15:30,수,2017,11,15,17:30,경북,경북,성주,용암,본리,쓰,기타(직접입력),주택부지 내 지장목 소각,0.04,20171115
2017,11,16,13:15,목,2017,11,16,14:30,강원,강원,평창,평창,대하,입,기타(직접입력),입산자 실화,0.09,20171116
2017,11,16,14:49,목,2017,11,16,16:10,경북,경북,성주,가천,금봉,기,기타(직접입력),화목보일러 재투기,0.05,20171116
2017,11,16,15:08,목,2017,11,16,16:13,강원,강원,홍천,내촌,물걸,입,기타(직접입력),입산자 실화,0.5,20171116
2017,11,17,07:04,금,2017,11,17,07:35,경북,경북,포항,송라,하송,기,기타(직접입력),원인미상,0.01,20171117
2017,11,19,13:36,일,2017,11,19,14:30,강원,강원,정선,여량,유천,입,기타(직접입력),입산자 실화,0.05,20171119
2017,11,19,13:56,일,2017,11,19,15:10,경북,경북,경주,배,,입,기타(직접입력),입산자 실화추정,0.01,20171119
2017,11,20,05:00,월,2017,11,20,08:30,경북,경북,포항,송라,하송,기,기타(직접입력),원인미상,0.1,20171120
2017,11,20,11:58,월,2017,11,20,14:03,강원,강원,영월,남,조전,쓰,쓰레기소각,,0.3,20171120
2017,11,23,05:40,목,2017,11,23,10:40,경북,경북,영천,화남,월곡,입,기타(직접입력),입산자 실화추정,0.8,20171123
2017,11,23,13:20,목,2017,11,23,14:20,경북,경북,칠곡,북삼,오평,기,농산폐기물소각,,0.01,20171123
2017,11,25,14:15,토,2017,11,25,15:10,경북,경북,경주,강동,다산,입,기타(직접입력),입산자 실화추정,0.03,20171125
2017,11,26,21:05,일,2017,11,26,22:25,경북,경북,경주,천북,갈곡,기,성묘객실화,,0.05,20171126
2017,11,30,11:14,목,2017,11,30,12:20,강원,강원,홍천,홍천,장전평,쓰,쓰레기소각,,0.05,20171130
2017,11,30,17:20,목,2017,11,30,19:00,경북,경북,구미,고아,대망,입,기타(직접입력),입산자 담뱃불 실화,0.6,20171130
2017,11,30,18:17,목,2017,11,30,19:10,경북,경북,포항,장기,죽정,쓰,쓰레기소각,,0.1,20171130
2017,12,1,12:55,금,2017,12,1,15:00,경북,경북,경주,내남,비지,쓰,쓰레기소각,,0.8,2017121
2017,12,2,21:04,토,2017,12,2,23:30,강원,강원,원주,부론,손곡,기,작업장실화,,0.2,2017122
2017,12,4,19:38,월,2017,12,4,23:00,강원,강원,양양,현북,하광정,건,주택화재비화,,1.86,2017124
2017,12,5,10:46,화,2017,12,5,11:30,경북,경북,구미,해평,월곡,기,기타(직접입력),원인미상,0.02,2017125
2017,12,9,18:25,토,2017,12,9,19:35,경북,경북,경주,건천,대곡,입,기타(직접입력),입산자 실화추정,0.01,2017129
2017,12,12,15:00,화,2017,12,12,16:46,경북,경북,군위,의흥,읍내,기,기타(직접입력),화목보일러 불씨취급 부주의 추정,0.5,20171212
2017,12,13,15:00,수,2017,12,13,17:10,경북,경북,성주,용암,용정,건,기타(직접입력),불법하우스 내 화목보일러 화재 비화,0.05,20171213
2017,12,16,10:45,토,2017,12,16,12:25,경북,경북,김천,어모,능치,기,기타(직접입력),화목보일러 불씨취급 부주의,0.04,20171216
2017,12,16,17:25,토,2017,12,16,23:00,경북,경북,영천,고경,논실,기,기타(직접입력),성묘객 실화,1.89,20171216
2017,12,18,12:20,월,2017,12,18,14:10,경북,경북,의성,단촌,구계,기,기타(직접입력),원인미상,0.05,20171218
2017,12,18,10:50,월,2017,12,18,12:30,경북,경북,성주,수륜,남은,건,기타(직접입력),수도관 동파방지 불취급 실화,0.02,20171218
2017,12,18,10:10,월,2017,12,18,11:10,경북,경북,칠곡,동명,가천,쓰,쓰레기소각,,0.01,20171218
2017,12,19,14:00,화,2017,12,19,20:00,경북,경북,고령,개진,구곡,입,등산객실화,,1.5,20171219
2017,12,19,16:45,화,2017,12,19,18:20,경북,경북,의성,점곡,사촌,기,기타(직접입력),원인미상(조사중),0.05,20171219
2017,12,20,08:15,수,2017,12,20,09:40,경북,경북,경주,현곡,가정,기,기타(직접입력),연탄재 불씨비화 추정,0.06,20171220
2017,12,21,16:52,목,2017,12,21,18:50,경북,경북,안동,송천,,입,기타(직접입력),입산자 실화추정,0.02,20171221
2017,12,21,21:47,목,2017,12,22,02:03,경북,경북,포항,장기,산서,건,기타(직접입력),슬레이트 창고화재 비화,3.0,20171221
2017,12,22,15:33,금,2017,12,22,17:11,남부,경북,안동,길안,백자,기,기타(직접입력),조사중,0.05,20171222
2017,12,22,16:50,금,2017,12,22,21:00,강원,강원,양양,서,논화,기,농산폐기물소각,,0.81,20171222
2017,12,23,05:30,토,2017,12,23,08:00,경북,경북,봉화,상운,하눌,기,방화,,0.9,20171223
2017,12,28,06:40,목,2017,12,28,09:50,경북,경북,경산,용성,외촌,기,기타(직접입력),원인미상,0.9,20171228
2018,01,2,20:40,화,2018,1,2,22:30,강원,강원,원주,소초,교항,입,기타(직접입력),입산자 실화,0.01,2018012
2018,01,3,14:15,수,2018,1,3,16:30,경북,경북,예천,예천,우계,담,담뱃불실화,,0.89,2018013
2018,01,10,21:38,수,2018,1,10,22:40,강원,강원,양양,양양,월,건,주택화재비화,,0.02,20180110
2018,01,14,19:53,일,2018,1,15,05:30,강원,강원,양양,양양,화일,건,주택화재비화,,17.73,20180114
2018,01,14,12:30,일,2018,1,14,13:54,경북,경북,칠곡,동명,금암,쓰,쓰레기소각,,0.1,20180114
2018,01,29,16:50,월,2018,1,29,17:50,경북,경북,의성,봉양,장대,기,기타(직접입력),아궁이 불씨번짐,0.02,20180129
2018,01,30,14:00,화,2018,1,30,17:30,경북,경북,영주,풍기,산법,담,기타(직접입력),담뱃불 실화,1.0,20180130
2018,02,1,06:12,목,2018,2,1,08:50,경북,경북,영천,화남,죽곡,건,기타(직접입력),건축물실화(공장화재),0.2,2018021
2018,02,1,14:35,목,2018,2,1,15:51,경북,경북,김천,구성,미평,입,기타(직접입력),입산자 실화추정,0.03,2018021
2018,02,1,13:40,목,2018,2,1,17:00,북부,강원,홍천,서석,검산,입,등산객실화,,0.02,2018021
2018,02,3,13:22,토,2018,2,3,14:30,경북,경북,문경,호계,구산,기,작업장실화,,0.09,2018023
2018,02,5,15:45,월,2018,2,5,16:35,경북,경북,포항,죽장,하사,건,주택화재비화,,0.01,2018025
2018,02,6,13:40,화,2018,2,6,15:07,경북,경북,영양,일월,주곡,기,기타(직접입력),화목보일러 재 투기,0.2,2018026
2018,02,8,15:00,목,2018,2,8,17:55,북부,강원,양구,남,가오작,입,등산객실화,,0.06,2018028
2018,02,9,19:38,금,2018,2,9,20:45,경북,경북,포항,신광,냉수,기,기타(직접입력),원인미상(조사중),0.06,2018029
2018,02,9,06:15,금,2018,2,9,08:00,강원,강원,춘천,동산,조양,기,기타(직접입력),화목보일러 재투기,0.01,2018029
2018,02,10,07:20,토,2018,2,10,15:25,경북,경북,영덕,창수,인량,기,기타(직접입력),원인미상,13.0,20180210
2018,02,11,21:27,일,2018,2,13,21:00,강원,강원,삼척,도계,황조,기,기타(직접입력),원인미상,76.46,20180211
2018,02,11,16:14,일,2018,2,13,21:00,강원,강원,삼척,노곡,하마읍,건,주택화재비화,,161.14,20180211
2018,02,11,14:54,일,2018,2,11,17:20,경북,경북,칠곡,기산,각산,쓰,쓰레기소각,,0.5,20180211
2018,02,11,14:30,일,2018,2,11,16:32,경북,경북,영천,고경,청정,건,기타(직접입력),건축물 화재비화,1.0,20180211
2018,02,11,13:25,일,2018,2,11,14:39,강원,강원,영월,중동,녹전,건,주택화재비화,,0.2,20180211
2018,02,12,15:19,월,2018,2,12,15:53,경북,경북,울진,북,고목,기,기타(직접입력),원인미상(조사중(,0.01,20180212
2018,02,12,12:12,월,2018,2,12,13:50,강원,강원,횡성,공근,가곡,기,기타(직접입력),화목보일러 재투기,0.1,20180212
2018,02,15,15:07,목,2018,2,15,17:10,경북,경북,안동,서후,이송천,기,기타(직접입력),원인미상(조사중),0.2,20180215
2018,02,16,14:08,금,2018,2,16,16:30,경북,경북,예천,용문,직,기,성묘객실화,,0.81,20180216
2018,02,16,18:59,금,2018,2,16,20:01,경북,경북,칠곡,가산,천평,기,기타(직접입력),원인미상(조사중),0.01,20180216
2018,02,16,14:11,금,2018,2,16,15:20,강원,강원,평창,평창,유동,기,성묘객실화,,0.5,20180216
2018,02,17,21:00,토,2018,2,17,22:20,경북,경북,경주,도지,,입,기타(직접입력),입산자 실화추정,0.04,20180217
2018,02,17,14:20,토,2018,2,17,23:00,경북,경북,영덕,창수,오촌,기,기타(직접입력),원인미상(조사중),7.0,20180217
2018,02,17,11:30,토,2018,2,17,15:30,경북,경북,영천,화산,효정,기,기타(직접입력),원인미상,1.0,20180217
2018,02,17,11:18,토,2018,2,17,13:05,경북,경북,영주,순흥,읍내,기,농산폐기물소각,,0.05,20180217
2018,02,19,15:03,월,2018,2,19,16:30,강원,강원,원주,부론,노림,건,기타(직접입력),폐축사 화재,0.5,20180219
2018,02,19,14:35,월,2018,2,19,17:00,경북,경북,봉화,물야,개단,기,작업장실화,,0.1,20180219
2018,02,19,12:49,월,2018,2,19,14:20,경북,경북,영천,화남,월곡,쓰,쓰레기소각,,0.2,20180219
2018,02,20,15:56,화,2018,2,20,17:28,강원,강원,정선,신동,운치,기,논밭두렁소각,,0.1,20180220
2018,02,21,10:20,수,2018,2,21,11:15,경북,경북,경주,안강,근계,입,기타(직접입력),입산자 실화,0.01,20180221
2018,02,21,04:55,수,2018,2,21,12:00,경북,경북,청도,청도,평양,입,기타(직접입력),입산자 실화추정,0.1,20180221
2018,02,22,16:02,목,2018,2,22,19:20,경북,경북,청도,운문,마일,쓰,쓰레기소각,,0.13,20180222
2018,02,22,10:40,목,2018,2,22,13:30,경북,경북,영양,청기,정족,건,주택화재비화,,0.2,20180222
2018,02,26,17:40,월,2018,2,26,18:40,경북,경북,의성,점곡,서변,기,농산폐기물소각,,0.02,20180226
2018,02,26,13:08,월,2018,2,26,14:20,경북,경북,상주,외서,관현,쓰,쓰레기소각,,0.05,20180226
2018,02,26,12:05,월,2018,2,26,13:40,경북,경북,청도,각남,칠성,기,성묘객실화,,0.02,20180226
2018,03,12,14:30,월,2018,3,12,16:00,경북,경북,안동,북후,두산,기,기타(직접입력),원인미상(조사중),0.02,20180312
2018,03,13,14:15,화,2018,3,13,16:35,경북,경북,경주,안강,두류,기,농산폐기물소각,,1.4,20180313
2018,03,14,14:40,수,2018,3,14,15:50,경북,경북,상주,이안,문창,쓰,쓰레기소각,,0.1,20180314
2018,03,14,14:34,수,2018,3,14,15:30,강원,강원,춘천,온의,,기,농산폐기물소각,,0.2,20180314
2018,03,14,12:24,수,2018,3,14,15:40,경북,경북,김천,개령,양천,기,농산폐기물소각,,2.5,20180314
2018,03,22,14:30,목,2018,3,22,16:20,강원,강원,춘천,남산,방하,건,주택화재비화,,1.1,20180322
2018,03,24,14:15,토,2018,3,24,14:50,경북,경북,경산,와촌,상암,쓰,기타(직접입력),낙엽소각,0.06,20180324
2018,03,25,21:20,일,2018,3,25,23:00,강원,강원,삼척,근덕,교곡,건,주택화재비화,,0.2,20180325
2018,03,25,19:55,일,2018,3,25,22:16,강원,강원,원주,태장,,입,기타(직접입력),입산자 실화,0.3,20180325
2018,03,26,16:34,월,2018,3,26,17:28,경북,경북,봉화,재산,현동,기,기타(직접입력),원인미상(조사중),0.1,20180326
2018,03,26,14:11,월,2018,3,26,15:25,남부,경북,경주,강동,국당,기,작업장실화,,0.16,20180326
2018,03,26,11:35,월,2018,3,26,13:10,경북,경북,경주,내남,망성,기,농산폐기물소각,,1.2,20180326
2018,03,27,23:47,화,2018,3,28,01:05,경북,경북,봉화,물야,오전,기,기타(직접입력),원인미상(조사중),0.1,20180327
2018,03,27,11:58,화,2018,3,27,12:58,경북,경북,영천,대전,,기,논밭두렁소각,,0.01,20180327
2018,03,28,06:19,수,2018,3,28,22:00,강원,강원,고성,간성,탑동,기,기타(직접입력),전선단락(추정),356.85,20180328
2018,03,28,12:36,수,2018,3,28,14:40,남부,경북,영양,청기,행화,기,기타(직접입력),야외 아궁이 불씨 비산화,12.4,20180328
2018,03,28,10:25,수,2018,3,28,11:30,경북,경북,경주,강동,단구,기,논밭두렁소각,,0.4,20180328
2018,03,29,11:45,목,2018,3,29,13:10,경북,경북,포항,신광,토성,쓰,쓰레기소각,,0.2,20180329
2018,03,30,15:13,금,2018,3,30,15:55,경북,경북,상주,내서,노류,담,담뱃불실화,,0.01,20180330
2018,03,31,12:25,토,2018,3,31,14:05,경북,경북,울진,기성,황보,기,기타(직접입력),원인미상(조사중),0.2,20180331
2018,04,1,16:56,일,2018,4,1,18:15,경북,경북,군위,고로,석산,기,농산폐기물소각,,0.2,2018041
2018,04,1,13:00,일,2018,4,1,15:20,북부,강원,철원,동송,상노,입,산나물채취객실화,,0.1,2018041
2018,04,3,13:45,화,2018,4,3,22:30,경북,경북,고령,개진,구곡,쓰,쓰레기소각,,16.1,2018043
2018,04,3,18:37,화,2018,4,4,01:11,경북,경북,울진,기성,망양,기,기타(직접입력),원인미상(조사중),2.0,2018043
2018,04,3,13:14,화,2018,4,3,15:05,경북,경북,봉화,상운,토일,기,성묘객실화,,0.5,2018043
2018,04,9,14:36,월,2018,4,9,18:30,강원,강원,삼척,원덕,노곡,기,기타(직접입력),조사중,0.3,2018049
2018,04,9,11:48,월,2018,4,9,12:55,경북,경북,안동,길안,대곡,기,논밭두렁소각,,0.01,2018049
2018,04,12,14:58,목,2018,4,12,17:40,경북,경북,청도,화양,유등,기,작업장실화,,0.1,20180412
2018,04,12,14:15,목,2018,4,13,15:20,경북,경북,군위,우보,선곡,입,기타(직접입력),입산자 실화추정,0.3,20180412
2018,04,13,10:35,금,2018,4,13,11:50,경북,경북,의성,옥산,실업,입,기타(직접입력),입산자 실화추정(조사중),0.01,20180413
2018,04,13,12:51,금,2018,4,13,15:00,북부,강원,춘천,동,품걸,쓰,쓰레기소각,,0.02,20180413
2018,04,16,15:55,월,2018,4,16,16:50,경북,경북,봉화,봉화,거촌,기,농산폐기물소각,,0.01,20180416
2018,04,17,12:50,화,2018,4,17,13:50,경북,경북,경주,강동,안계,입,기타(직접입력),입산자 실화추정,0.02,20180417
2018,04,18,15:17,수,2018,4,18,17:00,남부,경북,영양,수비,신암,기,기타(직접입력),전기 합선,0.01,20180418
2018,04,19,19:30,목,2018,4,20,07:00,동부,강원,양양,현남,정자,기,기타(직접입력),원인미상(조사중),13.08,20180419
2018,04,19,15:58,목,2018,4,19,16:54,경북,경북,상주,함창,나한,기,농산폐기물소각,,0.1,20180419
2018,04,19,14:51,목,2018,4,19,15:58,경북,경북,성주,가천,마수,기,작업장실화,,0.1,20180419
2018,04,19,12:00,목,2018,4,19,16:56,경북,경북,영주,단산,단곡,기,논밭두렁소각,,0.7,20180419
2018,04,19,11:42,목,2018,4,19,12:30,경북,경북,영천,청통,보성,기,농산폐기물소각,,0.2,20180419
2018,04,20,13:56,금,2018,4,20,14:46,경북,경북,상주,청리,하초,기,농산폐기물소각,,0.01,20180420
2018,04,20,13:38,금,2018,4,20,17:50,동부,강원,평창,대관령,수하,입,기타(직접입력),입산자 담뱃불 실화추정,0.08,20180420
2018,04,20,12:50,금,2018,4,20,13:44,경북,경북,포항,흥해,초곡,입,기타(직접입력),입산자 실화,0.01,20180420
2018,04,21,16:37,토,2018,4,21,18:30,경북,경북,경산,진량,평사,기,기타(직접입력),원인미상,0.1,20180421
2018,04,21,21:35,토,2018,4,22,00:50,강원,강원,원주,문막,대둔,기,기타(직접입력),원인미상,0.5,20180421
2018,04,21,16:38,토,2018,4,21,18:40,강원,강원,춘천,서,덕두원,입,기타(직접입력),입산자 실화,0.5,20180421
2018,04,21,14:23,토,2018,4,21,15:40,경북,경북,문경,동로,간송,입,산나물채취객실화,,0.5,20180421
2018,04,21,11:13,토,2018,4,21,12:00,경북,경북,상주,은척,두곡,입,산나물채취객실화,,0.01,20180421
2018,04,21,11:35,토,2018,4,21,23:00,북부,강원,인제,인제,합강,입,기타(직접입력),입산자 실화,3.0,20180421
2018,04,21,10:48,토,2018,4,21,12:04,강원,강원,화천,간동,구만,입,기타(직접입력),입산자 실화,0.15,20180421
2018,04,22,11:03,일,2018,4,22,12:40,경북,경북,안동,임동,마,기,논밭두렁소각,,0.02,20180422
2018,04,28,13:52,토,2018,4,28,15:50,경북,경북,안동,일직,용각,기,기타(직접입력),폐가 전기누전 추정,0.1,20180428
2018,04,29,15:29,일,2018,4,29,16:42,경북,경북,상주,화동,선교,입,산나물채취객실화,,0.1,20180429
2018,05,1,15:42,화,2018,5,1,20:30,경북,경북,고령,운수,팔산,입,기타(직접입력),입산자 실화추정,0.73,2018051
2018,05,22,10:41,화,2018,5,22,14:00,경북,경북,청송,청송,송생,입,기타(직접입력),입산자 실화,0.2,20180522
2018,06,1,14:30,금,2018,6,1,18:00,북부,강원,춘천,신북,발산,입,기타(직접입력),입산자 실화,0.01,2018061
2018,06,3,14:05,일,2018,6,3,15:45,경북,경북,경주,감포,노동,입,기타(직접입력),입산자 실화추정,0.1,2018063
2018,06,18,13:20,월,2018,6,18,14:45,경북,경북,안동,일직,조탑,기,기타(직접입력),원인미상,0.03,20180618
2018,06,21,14:49,목,2018,6,21,16:05,경북,경북,포항,흥해,죽천,입,기타(직접입력),입산자 담뱃불 추정,0.02,20180621
2018,06,21,11:59,목,2018,6,21,14:00,경북,경북,칠곡,약목,남계,쓰,쓰레기소각,,0.01,20180621
2018,06,22,18:02,금,2018,6,23,23:30,북부,강원,인제,남,관대,입,기타(직접입력),입산자 실화,0.54,20180622
2018,06,22,15:00,금,2018,6,22,19:30,북부,강원,양구,남,원,입,기타(직접입력),입산자 실화,0.05,20180622
2018,06,22,14:00,금,2018,6,22,16:05,경북,경북,구미,광평,,기,기타(직접입력),원인미상,0.05,20180622
2018,06,23,14:55,토,2018,6,23,17:20,경북,경북,안동,도산,온혜,쓰,쓰레기소각,,0.07,20180623
2018,06,23,14:20,토,2018,6,23,20:00,북부,강원,춘천,북산,추곡,입,기타(직접입력),입산자 실화,0.01,20180623
2018,06,23,13:14,토,2018,6,23,15:08,경북,경북,김천,조마,신왕,기,농산폐기물소각,,0.3,20180623
2018,06,23,11:50,토,2018,6,23,15:50,경북,경북,칠곡,왜관,금산,입,기타(직접입력),입산자 실화추정,0.02,20180623
2018,06,24,14:30,일,2018,6,24,22:00,경북,경북,경주,서,천촌,입,기타(직접입력),낚시꾼 실화추정,3.0,20180624
2018,06,24,15:51,일,2018,6,24,16:30,경북,경북,포항,흥해,죽천,기,기타(직접입력),조사중,0.01,20180624
2018,06,24,17:30,일,2018,6,24,20:00,북부,강원,홍천,내촌,화상대,입,기타(직접입력),입산자 실화,0.15,20180624
2018,06,24,16:42,일,2018,6,24,20:00,강원,강원,홍천,북방,화동,입,기타(직접입력),입산자 실화,1.0,20180624
2018,06,25,15:43,월,2018,6,25,17:44,경북,경북,고령,덕곡,노,기,무속행위,,0.06,20180625
2018,06,26,10:31,화,2018,6,26,11:20,경북,경북,포항,흥해,흥안,기,농산폐기물소각,,0.02,20180626
2018,07,24,16:46,화,2018,7,24,18:30,경북,경북,영양,청기,행화,기,기타(직접입력),조사중,0.01,20180724
2018,07,29,15:15,일,2018,7,29,16:40,경북,경북,김천,감문,대양,기,농산폐기물소각,,0.06,20180729
2018,07,29,13:48,일,2018,7,29,19:00,강원,강원,춘천,남,가정,기,작업장실화,,0.86,20180729
2018,07,29,10:15,일,2018,7,29,15:00,경북,경북,고령,개진,양전,기,기타(직접입력),원인미상,1.5,20180729
2018,07,31,15:04,화,2018,7,31,17:21,강원,강원,원주,부론,정산,기,작업장실화,,0.2,20180731
2018,07,31,11:20,화,2018,7,31,13:30,경북,경북,청송,진보,이촌,입,기타(직접입력),입산자 실화추정,0.05,20180731
2018,08,1,08:51,수,2018,8,1,13:00,북부,강원,춘천,동,품걸,기,기타(직접입력),조명탄 발화(조사중),0.1,2018081
2018,08,3,10:28,금,2018,8,3,13:10,강원,강원,횡성,우천,정금,입,기타(직접입력),입산자 실화추정,1.04,2018083
2018,08,4,16:40,토,2018,8,4,18:32,경북,경북,의성,춘산,빙계,입,기타(직접입력),입산자 실화추정,0.05,2018084
2018,08,5,10:46,일,2018,8,5,14:10,경북,경북,의성,단촌,상화,쓰,쓰레기소각,,0.3,2018085
2018,08,5,13:48,일,2018,8,5,15:00,경북,경북,영양,입암,병옥,기,기타(직접입력),고추씨 발효 자연발화추정,0.01,2018085
2018,08,5,16:35,일,2018,8,5,18:10,강원,강원,홍천,동,월운,입,기타(직접입력),입산자 실화,0.03,2018085
2018,08,5,18:28,일,2018,8,5,19:33,강원,강원,강릉,왕산,고단,입,기타(직접입력),입산자 실화추정,0.02,2018085
2018,08,9,16:30,목,2018,8,9,18:50,남부,경북,상주,이안,안용,입,기타(직접입력),입산자 실화추정,0.15,2018089
2018,08,15,12:30,수,2018,8,16,09:00,경북,경북,군위,우보,두북,기,농산폐기물소각,,31.9,20180815
2018,08,15,12:20,수,2018,8,15,14:00,강원,강원,횡성,안흥,상안,입,기타(직접입력),입산자 실화,0.25,20180815
2018,08,17,13:46,금,2018,8,17,18:20,강원,강원,춘천,동,월곡,입,기타(직접입력),입산자 실화추정,9.4,20180817
2018,08,18,11:04,토,2018,8,18,14:00,경북,경북,상주,화북,장암,입,기타(직접입력),입산자 실화추정,0.01,20180818
2018,09,30,15:00,일,2018,9,30,17:30,경북,경북,상주,외서,대전,입,기타(직접입력),입산자 실화추정(조사중),0.01,20180930
2018,10,2,11:45,화,2018,10,2,13:40,경북,경북,성주,벽진,봉학,입,기타(직접입력),입산자 실화추정,0.01,2018102
2018,10,4,13:30,목,2018,10,4,15:20,북부,강원,인제,남,남전,입,기타(직접입력),입산자 실화,0.01,2018104
2018,10,18,11:47,목,2018,10,18,15:40,경북,경북,고령,쌍림,신곡,입,기타(직접입력),입산자 실화추정,0.1,20181018
2018,10,20,16:50,토,2018,10,20,19:36,경북,경북,상주,화동,반곡,기,기타(직접입력),원인미상,0.1,20181020
2018,11,22,14:24,목,2018,11,22,15:25,강원,강원,철원,서,자등,입,기타(직접입력),입산자 실화추정,0.1,20181122
2018,11,23,09:52,금,2018,11,23,11:20,강원,강원,삼척,근덕,초곡,쓰,쓰레기소각,,0.1,20181123
2018,11,26,06:30,월,2018,11,26,07:25,강원,강원,삼척,근덕,초곡,기,기타(직접입력),방화추정,0.03,20181126
2018,11,29,14:50,목,2018,11,29,16:13,경북,경북,영천,화남,귀호,쓰,쓰레기소각,,0.1,20181129
2018,12,21,13:17,금,2018,12,21,13:48,경북,경북,포항,북,양덕,기,기타(직접입력),조사중,0.01,20181221
2018,12,22,14:17,토,2018,12,22,15:30,강원,강원,평창,진부,척천,쓰,쓰레기소각,,0.05,20181222
2018,12,28,20:43,금,2018,12,29,16:00,강원,강원,삼척,미로,하정,건,기타(직접입력),,27.0,20181228
2018,12,28,13:12,금,2018,12,28,15:30,경북,경북,안동,북후,신전,건,주택화재비화,,0.07,20181228
2018,12,30,11:48,일,2018,12,30,12:58,경북,경북,상주,외서,가곡,기,농산폐기물소각,,0.01,20181230
2019,01,1,12:38,화,2019,1,1,13:33,경북,경북,영천,녹전,,입,입산자 실화추정,,0.04,2019011
2019,01,1,16:12,화,2019,1,2,17:20,강원,강원,양양,서,송천,담,담뱃불 실화추정,,97.94,2019011
2019,01,2,23:23,수,2019,1,3,00:20,경북,경북,울진,후포,후포,기,원인미상,,0.01,2019012
2019,01,3,13:50,목,2019,1,3,16:30,경북,경북,영양,수비,수하,쓰,쓰레기 소각,,0.5,2019013
2019,01,4,18:56,금,2019,1,4,23:00,경북,경북,군위,산성,백학,기,기도용 촛불,,1.5,2019014
2019,01,6,12:15,일,2019,1,6,14:00,경북,경북,예천,감천,진평,기,화목보일러 재 투기,,0.25,2019016
2019,01,7,05:33,월,2019,1,7,05:50,경북,경북,포항,북,장성,기,방화,,0.01,2019017
2019,01,7,06:20,월,2019,1,7,07:30,경북,경북,영덕,병곡,영,건,건축물화재,,0.1,2019017
2019,01,8,15:05,화,2019,1,8,16:55,경북,경북,울진,울진,대흥,기,화목보일러 재 투기,,0.2,2019018
2019,01,9,05:07,수,2019,1,9,07:41,경북,경북,포항,북,두호,기,방화,,0.1,2019019
2019,01,9,13:35,수,2019,1,9,16:15,경북,경북,영주,이산,신천,입,입산자 실화추정,,0.03,2019019
2019,01,10,11:17,목,2019,1,10,12:05,강원,강원,고성,토성,운봉,기,재 투기,,0.35,20190110
2019,01,10,14:20,목,2019,1,10,17:15,경북,경북,봉화,법전,어지,기,연탄재 투기,,0.1,20190110
2019,01,19,12:19,토,2019,1,19,14:50,경북,경북,영양,일월,도곡,기,논밭두렁 소각,,0.4,20190119
2019,01,19,22:40,토,2019,1,19,23:45,강원,강원,강릉,왕산,목계,기,화목보일러 재화재,,0.03,20190119
2019,01,20,12:30,일,2019,1,20,15:00,강원,강원,춘천,서,현암,기,화목보일러 재처리 부주의,,1.46,20190120
2019,01,22,12:30,화,2019,1,22,17:15,동부,강원,태백,백산,,기,입목처분지 벌채작업 중 기계톱 불씨,,0.1,20190122
2019,01,24,15:48,목,2019,1,24,19:00,강원,강원,인제,서화,천도,기,원인미상,,1.0,20190124
2019,01,24,14:28,목,2019,1,24,15:24,경북,경북,포항,흥해,양백,입,입산자 실화추정,,0.06,20190124
2019,01,24,06:16,목,2019,1,24,08:30,경북,경북,의성,다인,봉정,기,원인미상,,0.5,20190124
2019,01,25,15:15,금,2019,1,25,16:30,강원,강원,원주,지정,가곡,기,파이프절단중 불씨발화,,0.3,20190125
2019,01,26,02:57,토,2019,1,26,09:00,경북,경북,칠곡,동명,송산,기,원인미상,,0.2,20190126
2019,01,26,14:15,토,2019,1,26,15:32,강원,강원,평창,방림,운교,기,화목보일러 재 방치,,0.05,20190126
2019,01,27,18:58,일,2019,1,27,22:40,강원,강원,원주,신림,신림,입,입산자 실화,,0.2,20190127
2019,01,27,15:09,일,2019,1,27,16:24,경북,경북,군위,군위,상곡,쓰,쓰레기 소각,,0.1,20190127
2019,01,27,02:58,일,2019,1,27,04:50,강원,강원,원주,신림,성남,담,담뱃불 실화,,0.1,20190127
2019,01,27,14:22,일,2019,1,28,10:30,강원,강원,춘천,신북,유포,담,담뱃불 실화,,3.6,20190127
2019,01,29,19:37,화,2019,1,30,14:40,경북,경북,영덕,남정,봉전,입,입산자 실화추정,,1.5,20190129
2019,01,29,12:58,화,2019,1,29,14:30,강원,강원,횡성,청일,춘당,쓰,쓰레기 소각,,0.4,20190129
2019,01,29,14:03,화,2019,1,29,20:00,경북,경북,고령,개진,구곡,입,입산자 실화추정,,0.8,20190129
2019,01,30,17:20,수,2019,1,30,18:30,강원,강원,홍천,화촌,송정,기,원인미상,,0.05,20190130
2019,01,30,16:23,수,2019,1,30,20:00,강원,강원,동해,신흥,,기,굴삭기 화재,,0.34,20190130
2019,01,31,04:26,목,2019,1,31,07:12,경북,경북,군위,산성,화본,기,무속기도용 향불로 인한 발화,,0.3,20190131
2019,02,2,12:23,토,2019,2,2,12:55,경북,경북,문경,우지,,담,담뱃불 실화추정,,0.05,2019022
2019,02,8,14:53,금,2019,2,8,15:49,경북,경북,예천,감천,진평,기,농산폐기물 소각,,0.03,2019028
2019,02,9,09:20,토,2019,2,9,11:05,경북,경북,영천,고경,대의,건,공장화재 산불전이,,0.1,2019029
2019,02,9,12:25,토,2019,2,9,13:45,경북,경북,구미,황상,,입,입산자 실화추정,,0.2,2019029
2019,02,9,16:36,토,2019,2,9,17:43,경북,경북,포항,기북,율산,입,입산자 실화추정,,0.02,2019029
2019,02,15,16:55,금,2019,2,15,18:50,남부,경북,경산,용성,곡란,건,꿩사육 대부지 내 관리사 화재 비화,,0.02,20190215
2019,02,16,01:34,토,2019,2,16,08:35,경북,경북,영덕,영해,괴시,기,입산자 방화(등상중 부상 구조요청 목적),,0.5,20190216
2019,02,17,12:28,일,2019,2,17,15:00,경북,경북,안동,북후,물한,건,건축물 화재 비화,,0.15,20190217
2019,02,17,21:28,일,2019,2,17,22:54,경북,경북,포항,북,환호,입,입산자 실화추정,,0.01,20190217
2019,02,18,17:40,월,2019,2,18,18:50,경북,경북,경주,현곡,래태,담,담뱃불 실화,,0.03,20190218
2019,02,18,16:49,월,2019,2,18,18:13,경북,경북,봉화,춘양,석현,쓰,잡풀 소각,,0.1,20190218
2019,02,18,09:32,월,2019,2,18,11:53,경북,경북,울진,근남,구산,건,주택화재 비화,,0.46,20190218
2019,02,18,04:00,월,2019,2,18,08:39,경북,경북,고령,개진,반운,건,공장화재,,0.3,20190218
2019,02,23,13:37,토,2019,2,23,14:10,경북,경북,상주,공성,산현,기,화덕 불씨 전이,,0.05,20190223
2019,02,24,14:15,일,2019,2,24,16:00,경북,경북,칠곡,약목,남계,입,입산자 실화추정,,0.01,20190224
2019,02,27,14:12,수,2019,2,27,17:00,강원,강원,춘천,서,서상,기,농산폐기물 소각,,1.0,20190227
2019,02,27,11:34,수,2019,2,27,12:50,강원,강원,평창,용평,장평,쓰,쓰레기 소각,,0.1,20190227
2019,03,1,13:05,금,2019,3,1,17:50,경북,경북,성주,용암,사곡,기,자연발화(폐기물 더미 속 발화),,1.2,2019031
2019,03,1,13:45,금,2019,3,1,14:00,경북,경북,경주,구정,,담,담뱃불 실화추정,,0.1,2019031
2019,03,2,14:47,토,2019,3,2,15:40,강원,강원,춘천,남산,방하,입,입산자 실화,,0.08,2019032
2019,03,2,16:08,토,2019,3,2,19:00,강원,강원,화천,화천,신읍,건,창고화재 추정,,0.98,2019032
2019,03,3,10:28,일,2019,3,3,11:15,경북,경북,영천,임고,효,기,밭두렁 소각,,0.03,2019033
2019,03,3,11:10,일,2019,3,3,15:30,경북,경북,울릉,서,남서,담,담뱃불 실화,,0.1,2019033
2019,03,3,11:45,일,2019,3,3,12:40,강원,강원,원주,단계,,쓰,쓰레기 소각,,0.1,2019033
2019,03,4,13:34,월,2019,3,4,14:20,강원,강원,횡성,우천,용둔,쓰,배수로 낙엽소각,,0.1,2019034
2019,03,4,12:40,월,2019,3,4,18:00,북부,강원,홍천,동,노천,쓰,쓰레기 소각,,0.6,2019034
2019,03,5,14:11,화,2019,3,5,14:50,경북,경북,문경,모전,,담,담뱃불 실화추정,,0.01,2019035
2019,03,6,13:49,수,2019,3,6,15:40,강원,강원,강릉,왕산,대기,건,농막화재,,0.06,2019036
2019,03,7,12:50,목,2019,3,7,14:50,남부,경북,봉화,물야,개단,기,작업장 실화,,0.06,2019037
2019,03,8,12:05,금,2019,3,8,13:00,경북,경북,상주,화동,신촌,기,농산부산물 소각,,0.03,2019038
2019,03,8,17:15,금,2019,3,8,18:30,강원,강원,홍천,서석,검산,기,화목보일러 재 처리불량,,0.02,2019038
2019,03,9,10:50,토,2019,3,9,12:20,경북,경북,경주,양남,환서,기,농산폐기물 소각,,0.89,2019039
2019,03,9,07:50,토,2019,3,9,09:00,강원,강원,강릉,성산,관음,쓰,산림부산물 소각,,0.1,2019039
2019,03,12,15:00,화,2019,3,12,16:20,강원,강원,춘천,동,지내,기,원인미상,,0.1,20190312
2019,03,13,18:59,수,2019,3,13,21:45,강원,강원,춘천,신북,용산,쓰,쓰레기 소각,,0.02,20190313
2019,03,13,10:47,수,2019,3,13,12:30,강원,강원,강릉,연곡,삼산,입,입산자 실화,,0.01,20190313
2019,03,14,14:46,목,2019,3,14,15:20,경북,경북,문경,농암,지동,기,농산폐기물 소각,,0.06,20190314
2019,03,14,17:32,목,2019,3,14,18:21,경북,경북,울진,평해,삼달,기,원인미상,,0.04,20190314
2019,03,14,11:58,목,2019,3,14,12:50,경북,경북,문경,동로,수평,기,농산폐기물 소각,,0.3,20190314
2019,03,15,08:00,금,2019,3,15,11:10,남부,경북,칠곡,동명,득명,입,입산자 실화,,0.24,20190315
2019,03,17,12:40,일,2019,3,17,15:30,강원,강원,속초,도문,,기,예초기 조작 과실,,1.3,20190317
2019,03,17,12:53,일,2019,3,17,13:39,경북,경북,포항,청하,소등,쓰,쓰레기 소각,,0.02,20190317
2019,03,19,14:39,화,2019,3,19,15:50,경북,경북,문경,공평,,쓰,쓰레기 소각,,0.06,20190319
2019,03,19,10:58,화,2019,3,19,13:40,경북,경북,문경,가은,원북,쓰,쓰레기 소각,,3.0,20190319
2019,03,20,18:39,수,2019,3,20,20:50,경북,경북,울진,금강송,쌍전,기,농산부산물 소각,,0.07,20190320
2019,03,22,14:55,금,2019,3,22,16:20,경북,경북,구미,인의,,입,입산자 실화추정,,0.2,20190322
2019,03,23,14:49,토,2019,3,23,16:30,경북,경북,안동,북후,석탑,쓰,쓰레기 소각추정,,0.1,20190323
2019,03,26,14:24,화,2019,3,26,16:28,경북,경북,의성,다인,봉정,기,농산폐기물 소각,,0.2,20190326
2019,03,26,14:45,화,2019,3,26,16:20,경북,경북,의성,사곡,매곡,입,입산자 실화추정,,0.05,20190326
2019,03,27,12:40,수,2019,3,27,14:45,경북,경북,칠곡,기산,평복,쓰,쓰레기 소각추정,,0.1,20190327
2019,03,27,13:03,수,2019,3,27,16:55,경북,경북,안동,임하,천전,쓰,쓰레기 소각,,0.3,20190327
2019,03,27,13:17,수,2019,3,27,15:50,경북,경북,예천,효자,고항,기,농산폐기물 소각 추정,,1.0,20190327
2019,03,27,13:59,수,2019,3,27,17:00,경북,경북,고령,운수,팔산,기,고물상 화재 전이,,0.7,20190327
2019,03,27,17:47,수,2019,3,28,13:40,경북,경북,구미,고아,대망,기,농산폐기물 소각,,22.0,20190327
2019,03,29,14:59,금,2019,3,30,04:00,경북,경북,의성,가음,현리,기,성묘객 실화,,18.44,20190329
2019,03,29,16:23,금,2019,3,29,18:35,경북,경북,예천,보문,작곡,쓰,생활폐기물 소각,,1.0,20190329
2019,03,31,16:54,일,2019,3,31,18:03,경북,경북,포항,대송,남성,기,벌통 소독,,0.02,20190331
2019,04,1,19:00,월,2019,4,1,20:15,강원,강원,홍천,서,길곡,쓰,잔디소각,,0.02,2019041
2019,04,2,12:09,화,2019,4,2,12:35,경북,경북,울진,매화,금매,기,원인미상,,0.04,2019042
2019,04,2,17:17,화,2019,4,2,18:50,경북,경북,울진,금강송,왕피,건,주택화재,,0.15,2019042
2019,04,3,14:22,수,2019,4,3,17:30,강원,강원,횡성,갑천,포동,기,숯가공 재처리 부주의,,0.7,2019043
2019,04,3,15:08,수,2019,4,3,16:05,경북,경북,구미,산동,인덕,건,주택화재 전이,,0.1,2019043
2019,04,3,19:52,수,2019,4,4,08:00,경북,경북,포항,대송,장동,입,입산자 실화추정,,9.6,2019043
2019,04,3,10:40,수,2019,4,3,11:24,경북,경북,구미,선산,내고,기,밭두렁 소각추정,,0.3,2019043
2019,04,4,14:31,목,2019,4,4,15:24,경북,경북,의성,안계,봉양,기,원인미상,,0.01,2019044
2019,04,4,14:33,목,2019,4,4,17:50,경북,경북,포항,북,두호,입,입산자 실화추정,,0.21,2019044
2019,04,4,14:45,목,2019,4,6,18:00,강원,강원,인제,남,남전,쓰,쓰레기 소각,,344.93,2019044
2019,04,4,16:16,목,2019,4,4,18:00,강원,강원,원주,부론,손곡,쓰,장례용품 소각,,0.7,2019044
2019,04,4,19:17,목,2019,4,5,18:00,강원,강원,고성,토성,원암,기,특고압 전선 아크 불티,,1266.62,2019044
2019,04,4,23:46,목,2019,4,5,21:30,강원,강원,강릉,옥계,남양,기,신당 전기초 합선,,1260.15,2019044
2019,04,4,13:30,목,2019,4,4,14:05,강원,강원,횡성,횡성,모평,기,성묘객 실화,,0.05,2019044
2019,04,4,12:31,목,2019,4,4,17:30,남부,경북,봉화,춘양,도심,입,입산자 담뱃불 실화,,4.0,2019044
2019,04,5,02:50,금,2019,4,5,12:00,경북,경북,포항,대송,대각,기,장동리 산불 불씨 비화,,3.6,2019045
2019,04,5,09:24,금,2019,4,5,11:45,경북,경북,포항,북,창포,입,입산자 실화추정,,0.16,2019045
2019,04,5,15:15,금,2019,4,5,16:20,경북,경북,영천,북안,용계,기,성묘객 담뱃불 실화,,0.1,2019045
2019,04,6,12:09,토,2019,4,6,13:00,경북,경북,영천,화산,화산,기,성묘객 실화,,0.1,2019046
2019,04,6,13:27,토,2019,4,6,22:00,경북,경북,영천,자양,신방,기,성묘객 실화,,2.0,2019046
2019,04,6,13:29,토,2019,4,6,14:32,경북,경북,포항,흥해,남송,입,입산자 실화추정,,0.01,2019046
2019,04,6,13:45,토,2019,4,6,17:40,경북,경북,영천,신녕,치산,입,입산자 실화추정,,0.5,2019046
2019,04,6,14:57,토,2019,4,6,15:55,경북,경북,상주,사벌,삼덕,기,밭두렁 소각,,0.1,2019046
2019,04,6,17:14,토,2019,4,6,18:20,경북,경북,문경,마성,정,기,성묘객 실화추정,,0.01,2019046
2019,04,7,16:30,일,2019,4,7,19:30,경북,경북,예천,유천,광전,기,성묘객 실화,,1.0,2019047
2019,04,7,06:21,일,2019,4,7,08:40,경북,경북,경주,외동,녹동,입,입산자 실화추정,,1.02,2019047
2019,04,7,10:39,일,2019,4,7,12:21,강원,강원,영월,김삿갓,와석,기,농산폐기물 소각,,0.3,2019047
2019,04,8,14:45,월,2019,4,8,18:00,북부,강원,인제,남,관대,입,입산자 실화추정,,0.5,2019048
2019,04,12,20:58,금,2019,4,12,23:10,강원,강원,양구,양구,웅진,기,방화,,0.57,20190412
2019,04,15,10:55,월,2019,4,15,11:40,경북,경북,경산,와촌,소월,입,입산자 실화추정,,0.01,20190415
2019,04,15,17:10,월,2019,4,15,18:28,경북,경북,안동,임동,위,기,원인미상,,0.15,20190415
2019,04,15,22:15,월,2019,4,16,06:10,경북,경북,경주,외동,제내,건,공장화재 전이,,1.2,20190415
2019,04,16,11:44,화,2019,4,16,18:00,강원,강원,고성,현내,송현,입,입산자 실화,,0.09,20190416
2019,04,16,16:14,화,2019,4,16,16:50,강원,강원,홍천,서,반곡,기,공업사 용접,,0.08,20190416
2019,04,17,13:17,수,2019,4,17,16:20,경북,경북,청도,매전,관하,쓰,잡풀소각,,0.1,20190417
2019,04,17,13:52,수,2019,4,17,14:51,강원,강원,영월,영월,삼옥,담,담뱃불 추정,,0.2,20190417
2019,04,18,10:53,목,2019,4,18,13:43,경북,경북,포항,대송,홍계,기,원인미상,,0.1,20190418
2019,04,18,13:51,목,2019,4,18,14:48,경북,경북,상주,화남,중눌,기,농산부산물 소각,,0.1,20190418
2019,04,20,12:27,토,2019,4,20,15:30,북부,강원,춘천,사북,고성,입,입산자 실화추정,,0.03,20190420
2019,04,20,12:07,토,2019,4,20,12:55,경북,경북,문경,산양,존도,기,원인미상,,0.01,20190420
2019,04,21,11:31,일,2019,4,22,02:00,남부,경북,울진,매화,갈면,입,입산자 실화추정,,2.53,20190421
2019,04,22,12:19,월,2019,4,22,13:31,강원,강원,화천,사내,용담,쓰,쓰레기 소각,,0.26,20190422
2019,04,23,08:53,화,2019,4,23,09:50,경북,경북,문경,산양,존도,기,원인미상,,0.01,20190423
2019,05,2,14:21,목,2019,5,2,16:25,강원,강원,춘천,남산,강촌,입,입산자 실화추정,,0.2,2019052
2019,05,2,16:28,목,2019,5,2,17:10,강원,강원,횡성,성원,유현,건,공장화재,,0.02,2019052
2019,05,3,11:00,금,2019,5,3,12:00,경북,경북,경주,외동,모화,입,입산자 실화추정,,0.01,2019053
2019,05,3,14:44,금,2019,5,3,16:01,강원,강원,춘천,석사,,입,입산자 실화추정,,0.05,2019053
2019,05,5,14:25,일,2019,5,5,22:00,북부,강원,인제,남,소치,기,숯불 재 투기,,5.2,2019055
2019,05,5,11:40,일,2019,5,5,12:30,강원,강원,횡성,둔내,삽교,입,입산자 실화,,0.15,2019055
2019,05,5,03:22,일,2019,5,5,04:45,강원,강원,춘천,석사,,입,입산자 실화추정,,0.05,2019055
2019,05,6,14:08,월,2019,5,6,14:58,강원,강원,홍천,화촌,군업,입,입산자 실화추정,,0.02,2019056
2019,05,6,17:50,월,2019,5,6,19:20,강원,강원,원주,소초,흥양,입,입산자 실화,,0.1,2019056
2019,05,7,11:47,화,2019,5,7,18:00,북부,강원,춘천,동,품걸,입,입산자 실화추정,,2.0,2019057
2019,05,7,15:40,화,2019,5,7,18:30,강원,강원,홍천,서석,풍암,기,용접불씨,,1.9,2019057
2019,05,9,19:11,목,2019,5,9,20:40,남부,경북,영양,수비,신암,입,기타(직접입력),입산자실화 추정,0.02,2019059
2019,05,10,09:34,금,2019,5,10,12:00,동부,강원,고성,죽왕,구성,기,원인미상,,0.54,20190510
2019,05,10,23:55,금,2019,5,11,07:30,남부,경북,영주,봉현,두산,입,입산자 담뱃불 실화추정,,0.1,20190510
2019,05,11,22:24,토,2019,5,12,02:45,경북,경북,청송,안덕,지소,입,입산자 실화추정,,0.1,20190511
2019,05,11,17:50,토,2019,5,11,19:20,강원,강원,홍천,서,두미,입,취사행위,,0.28,20190511
2019,05,11,14:36,토,2019,5,11,16:20,강원,강원,정선,신동,방제,입,입산자 실화,,0.1,20190511
2019,05,11,09:35,토,2019,5,11,11:00,경북,경북,청송,안덕,문거,입,입산자 실화,,0.01,20190511
2019,05,11,13:08,토,2019,5,11,13:45,경북,경북,상주,모동,반계,입,입산자 실화추정,,0.01,20190511
2019,05,12,11:43,일,2019,5,12,12:51,경북,경북,경산,용성,매남,입,입산자 실화추정,,0.01,20190512
2019,05,12,11:59,일,2019,5,12,12:50,동부,강원,정선,신동,가사,기,원인미상,,0.1,20190512
2019,05,13,20:40,월,2019,5,13,23:26,경북,경북,상주,외서,가곡,입,입산자 실화추정,,0.3,20190513
2019,05,14,08:30,화,2019,5,14,09:53,경북,경북,포항,송라,하송,입,입산자 실화추정,,0.01,20190514
2019,05,15,11:20,수,2019,5,15,16:00,경북,경북,고령,성산,어곡,입,산나물 채취자 실화추정,,0.2,20190515
2019,05,16,15:55,목,2019,5,16,17:30,동부,강원,평창,대관령,유천,기,원인미상,,0.02,20190516
2019,05,17,23:14,금,2019,5,18,00:15,경북,경북,안동,북후,물한,입,입산자 실화추정,,0.03,20190517
2019,05,19,14:20,일,2019,5,19,14:51,강원,강원,강릉,강동,하시동,입,입산자 실화,,0.01,20190519
2019,05,21,11:28,화,2019,5,21,12:24,경북,경북,포항,송라,대전,입,입산자 실화,,0.01,20190521
2019,05,23,10:05,목,2019,5,23,12:30,경북,경북,봉화,춘양,소로,쓰,쓰레기 소각추정,,0.1,20190523
2019,05,23,12:37,목,2019,5,23,14:38,강원,강원,정선,임계,문래,입,입산자 실화,,0.1,20190523
2019,05,24,12:59,금,2019,5,24,14:30,강원,강원,영월,영월,정양,입,입산자 실화추정,,0.1,20190524
2019,05,25,16:45,토,2019,5,25,19:00,경북,경북,영주,단산,동원,입,입산자 실화추정,,0.2,20190525
2019,05,26,17:46,일,2019,5,27,06:35,경북,경북,안동,녹전,사천,기,묘지근처 개미굴 소각,,4.7,20190526
2019,05,30,18:45,목,2019,5,30,21:00,남부,경북,영주,봉현,두산,입,기타(직접입력),입산자 실화 추정,0.01,20190530
2019,05,31,02:50,금,2019,5,31,05:20,경북,경북,경주,감포,전동,쓰,쓰레기적치장 소각 중 전이추정,,1.07,20190531
2019,06,3,19:21,월,2019,6,3,21:30,경북,경북,봉화,춘양,도심,건,목조주택화재 산불전이,,0.01,2019063
2019,06,4,14:14,화,2019,6,4,15:26,강원,강원,정선,화암,화암,입,입산자 실화추정,,0.2,2019064
2019,06,5,12:10,수,2019,6,5,15:26,경북,경북,군위,우보,달신,기,원인미상,,0.5,2019065
2019,06,5,17:00,수,2019,6,5,20:00,경북,경북,경주,외동,제내,입,입산자 실화추정,,0.18,2019065
2019,06,6,13:32,목,2019,6,6,15:39,경북,경북,경산,진량,아사,쓰,쓰레기 소각,,0.03,2019066
2019,06,6,12:15,목,2019,6,6,14:50,경북,경북,경주,안강,강교,기,농산폐기물 소각,,0.76,2019066
2019,06,12,15:23,수,2019,6,12,16:28,경북,경북,경산,진량,평사,입,입산자 실화추정,,0.01,20190612
2019,07,7,16:04,일,2019,7,7,17:10,강원,강원,횡성,청일,갑천,건,화장실 화재,,0.07,2019077
2019,07,8,09:38,월,2019,7,8,12:45,강원,강원,원주,신림,성산,기,원인미상,,0.1,2019078
2019,07,9,13:49,화,2019,7,9,16:00,강원,강원,원주,귀래,용암,담,담뱃불 실화 추정,,0.01,2019079
2019,07,9,18:39,화,2019,7,9,21:10,강원,강원,영월,남,창원,기,농산폐기물 소각,,0.6,2019079
2019,08,23,12:31,금,2019,8,23,14:15,강원,강원,횡성,서원,석화,기,작업장실화,,0.22,20190823
2019,08,26,12:10,월,2019,8,26,18:00,북부,강원,홍천,서석,검산,입,기타(직접입력),입산자 실화추정,0.08,20190826
2019,10,11,11:55,금,2019,10,11,13:30,경북,경북,영덕,강구,상직,쓰,쓰레기소각,,0.05,20191011
2019,10,27,14:08,일,2019,10,27,15:55,경북,경북,군위,우보,문덕,기,기타(직접입력),원인미상(조사중),0.1,20191027
2019,10,30,12:58,수,2019,10,30,15:30,경북,경북,고령,쌍림,월막,기,기타(직접입력),조사중,0.03,20191030
2019,11,12,15:08,화,2019,11,12,17:27,경북,경북,안동,도산,가송,기,기타(직접입력),원인미상,0.1,20191112
2019,11,16,17:00,공,2019,11,16,18:10,강원,강원,강릉,구정,제비,기,기타(직접입력),원인미상,0.01,20191116
2019,11,30,13:43,공,2019,11,30,15:40,경북,경북,안동,녹전,신평,쓰,쓰레기소각,,0.05,20191130
2019,12,4,11:30,수,2019,12,4,12:47,강원,강원,양구,양구,군량,기,농산폐기물소각,,0.1,2019124
2019,12,5,10:09,목,2019,12,5,15:00,강원,강원,삼척,도계,점,담,담뱃불실화,,0.27,2019125
2019,12,6,08:59,금,2019,12,6,09:50,강원,강원,춘천,북산,추전,건,주택화재비화,,0.5,2019126
2019,12,7,14:44,토,2019,12,7,16:10,경북,경북,칠곡,가산,천평,건,기타(직접입력),공장화재 비화,0.02,2019127
2019,12,11,16:25,수,2019,12,11,18:00,강원,강원,인제,인제,덕산,기,기타(직접입력),원인미상,0.05,20191211
2019,12,11,19:18,수,2019,12,12,10:39,강원,강원,정선,북평,나전,기,기타(직접입력),조사중,2.0,20191211
2019,12,13,11:50,금,2019,12,13,13:08,경북,경북,김천,대덕,종산,건,기타(직접입력),농기계 수리중 폭발,0.1,20191213
2019,12,20,11:40,금,2019,12,20,13:20,강원,강원,홍천,홍천,태학,쓰,쓰레기소각,,0.04,20191220
2019,12,22,15:38,공,2019,12,22,17:00,경북,경북,문경,영순,말용,입,기타(직접입력),입산자실화(추정),0.12,20191222
2019,12,24,12:11,화,2019,12,24,14:22,강원,강원,평창,미탄,백운,기,기타(직접입력),조사중,0.01,20191224
2019,12,31,02:56,화,2019,12,31,04:43,강원,강원,강릉,,죽헌,입,기타(직접입력),입산자실화 추정,0.1,20191231
2019,12,31,03:02,화,2019,12,31,04:21,강원,강원,고성,토성,신평,기,기타(직접입력),원인미상,0.5,20191231
2020,01,1,13:00,공,2020,1,1,13:35,강원,강원,강릉,성산,위촌,쓰,쓰레기소각,,0.02,2020011
2020,01,3,12:22,금,2020,1,3,16:00,북부,강원,춘천,서,오월,입,기타(직접입력),입산자실화(추정),0.7,2020013
2020,01,4,13:54,토,2020,1,5,17:10,강원,강원,춘천,신북,발산,담,선택,,34.26,2020014
2020,01,4,14:49,토,2020,1,4,15:40,강원,강원,정선,신동,덕천,입,기타(직접입력),입산자실화 추정,0.04,2020014
2020,01,15,13:46,수,2020,1,15,14:30,강원,강원,양양,양양,월,기,기타(직접입력),화목보일러 불씨 부주의,0.02,20200115
2020,01,22,14:16,수,2020,1,22,16:10,경북,경북,봉화,명호,북곡,건,기타(직접입력),건축물화재,0.01,20200122
2020,01,23,12:52,목,2020,1,23,13:54,강원,강원,횡성,우천,하궁,기,기타(직접입력),원인미상,0.1,20200123
2020,01,27,11:15,공,2020,1,27,11:55,경북,경북,문경,동로,인곡,기,기타(직접입력),원인미상,0.06,20200127
2020,01,31,13:20,금,2020,1,31,15:00,강원,강원,홍천,서석,풍암,기,기타(직접입력),원인미상,0.01,20200131
2020,02,1,15:23,토,2020,2,1,16:53,경북,경북,봉화,물야,개단,기,기타(직접입력),산업현장실화,0.1,2020021
2020,02,1,18:14,토,2020,2,1,19:03,경북,경북,봉화,재산,갈산,기,기타(직접입력),전기합선,0.02,2020021
2020,02,8,07:05,토,2020,2,8,08:30,강원,강원,춘천,남산,백양,쓰,쓰레기소각,,0.03,2020028
2020,02,8,12:02,토,2020,2,8,12:45,강원,강원,강릉,,홍제,쓰,쓰레기소각,,0.03,2020028
2020,02,9,20:49,일,2020,2,9,22:13,경북,경북,청송,안덕,신성,건,기타(직접입력),건축물실화,0.01,2020029
2020,02,9,18:48,일,2020,2,9,20:04,강원,강원,원주,신림,황둔,담,담뱃불실화,,0.4,2020029
2020,02,11,22:37,화,2020,2,11,23:46,경북,경북,군위,의흥,지호,기,기타(직접입력),원인미상,0.15,20200211
2020,02,11,11:34,화,2020,2,11,14:30,경북,경북,안동,일직,운산,담,담뱃불실화,,0.08,20200211
2020,02,15,13:37,토,2020,2,15,14:28,남부,경북,포항,홍해,홍안,입,기타(직접입력),입산자실화,0.18,20200215
2020,02,19,19:27,수,2020,2,19,20:30,경북,경북,구미,진평,,기,기타(직접입력),원인미상,0.01,20200219
2020,02,23,09:43,일,2020,2,23,13:40,경북,경북,봉화,소천,서천,건,기타(직접입력),보일러 불씨 부주의,0.1,20200223
2020,02,24,12:58,월,2020,2,24,15:15,강원,강원,춘천,남산,산수,기,논밭두렁소각,,0.1,20200224
2020,03,5,13:31,목,2020,3,5,16:00,경북,경북,예천,호명,본포,기,농산폐기물소각,,1.35,2020035
2020,03,6,13:08,금,2020,3,6,14:20,경북,경북,안동,남후,고상,기,기타(직접입력),차량화재 비화,0.02,2020036
2020,03,6,14:34,금,2020,3,6,15:35,경북,경북,영덕,영덕,매정,쓰,쓰레기소각,,0.01,2020036
2020,03,8,15:34,일,2020,3,8,16:25,경북,경북,안동,서후,명,쓰,쓰레기소각,,0.01,2020038
2020,03,8,13:20,일,2020,3,8,18:00,북부,강원,홍천,화촌,풍천,입,기타(직접입력),입산자실화,0.05,2020038
2020,03,8,14:12,일,2020,3,8,16:00,강원,강원,화천,하남,원천,쓰,쓰레기소각,,0.67,2020038
2020,03,8,16:05,일,2020,3,8,18:10,강원,강원,춘천,동산,원창,기,기타(직접입력),원인미상,0.1,2020038
2020,03,14,13:10,토,2020,3,14,16:59,경북,경북,고령,성산,기족,기,기타(직접입력),그라인드 작업중 불씨부주의,0.27,20200314
2020,03,14,15:02,토,2020,3,14,16:15,경북,경북,의성,안평,대사,기,농산폐기물소각,,0.2,20200314
2020,03,15,14:29,일,2020,3,15,15:32,강원,강원,홍천,서,동막,기,기타(직접입력),불씨처리부주의,0.43,20200315
2020,03,15,14:52,일,2020,3,15,15:45,강원,강원,강릉,,대전,입,기타(직접입력),입산자실화,0.04,20200315
2020,03,15,15:15,일,2020,3,15,17:05,경북,경북,청도,대전,용산,기,기타(직접입력),원인미상,0.2,20200315
2020,03,17,12:11,화,2020,3,17,12:59,경북,경북,경주,강동,다산,입,기타(직접입력),입산자실화,0.03,20200317
2020,03,18,11:06,수,2020,3,18,12:26,경북,경북,안동,북후,장기,건,기타(직접입력),아궁이 재투기,0.03,20200318
2020,03,19,07:11,목,2020,3,19,10:30,강원,강원,원주,흥업,대안,기,기타(직접입력),연탄재투기,0.7,20200319
2020,03,19,12:13,목,2020,3,19,13:20,경북,경북,예천,예천,상동,담,기타(직접입력),,0.14,20200319
2020,03,19,12:38,목,2020,3,19,14:26,강원,강원,원주,지정,판대,기,기타(직접입력),전선스파크 발화,2.2,20200319
2020,03,19,13:16,목,2020,3,19,14:50,경북,경북,의성,안평,마전,쓰,쓰레기소각,,0.2,20200319
2020,03,19,18:10,목,2020,3,19,22:15,남부,경북,청도,운문,신원,담,,,0.5,20200319
2020,03,20,09:59,금,2020,3,20,10:51,경북,경북,영주,단산,동원,건,주택화재비화,,0.02,20200320
2020,03,20,15:58,금,2020,3,20,16:53,경북,경북,김천,남,오봉,입,기타(직접입력),입산자실화,0.05,20200320
2020,03,21,15:36,토,2020,3,21,16:00,강원,강원,횡성,감천,삼거,기,선택,화목보일러불씨비화,0.05,20200321
2020,03,21,12:05,토,2020,3,21,13:05,경북,경북,상주,내서,노류,쓰,쓰레기소각,,0.1,20200321
2020,03,22,12:10,일,2020,3,22,13:40,경북,경북,봉화,춘양,석현,쓰,쓰레기소각,,0.1,20200322
2020,03,22,13:14,일,2020,3,22,17:22,경북,경북,안동,풍천,어담,기,농산폐기물소각,,18.3,20200322
2020,03,23,16:53,월,2020,3,23,17:50,남부,경북,경주,,동천,입,기타(직접입력),입산자실화 추정,0.07,20200323
2020,03,23,20:05,월,2020,3,23,22:45,경북,경북,구미,도개,신곡,기,농산폐기물소각,,0.4,20200323
2020,03,24,08:19,화,2020,3,24,09:00,경북,경북,영양,입암,노달,쓰,쓰레기소각,,0.02,20200324
2020,03,24,12:23,화,2020,3,24,13:30,경북,경북,안동,서후,광평,기,성묘객실화,,0.05,20200324
2020,03,24,15:15,화,2020,3,24,17:30,경북,경북,상주,사벌국,덕담,기,농산폐기물소각,,0.3,20200324
2020,03,24,15:16,화,2020,3,24,16:10,경북,경북,문경,영순,이목,기,농산폐기물소각,,0.1,20200324
2020,03,25,13:45,수,2020,3,25,16:42,경북,경북,영주,풍기,산법,쓰,쓰레기소각,,1.0,20200325
2020,03,25,14:03,수,2020,3,25,17:55,경북,경북,안동,도산,문곡,기,기타(직접입력),양봉장 불씨 부주의,13.2,20200325
2020,03,25,15:46,수,2020,3,25,17:39,경북,경북,칠곡,석적,중,기,기타(직접입력),원인미상,0.3,20200325
2020,03,25,16:01,수,2020,3,25,18:30,동부,강원,영월,상동,내덕,쓰,기타(직접입력),잔가지 소각,1.4,20200325
2020,03,25,22:15,수,2020,3,26,01:06,남부,경북,봉화,재산,갈산,기,기타(직접입력),원인미상,0.1,20200325
2020,03,26,11:03,목,2020,3,26,13:53,동부,강원,양양,현남,상월천,쓰,쓰레기소각,,0.8,20200326
2020,03,26,12:27,목,2020,3,26,16:20,강원,강원,철원,갈말,문혜,입,기타(직접입력),입산자실화 추정,9.85,20200326
2020,03,31,13:00,화,2020,3,31,15:00,강원,강원,철원,동송,오덕,입,기타(직접입력),입산자실화 추정,2.11,20200331
2020,04,1,11:44,수,2020,4,1,13:00,동부,강원,평창,미탄,평안,기,성묘객실화,,0.05,2020041
2020,04,2,19:20,목,2020,4,2,20:10,강원,강원,횡성,갑천,하대,건,주택화재비화,,0.05,2020042
2020,04,2,11:36,목,2020,4,2,13:26,경북,경북,김천,구성,상원,입,기타(직접입력),입산자실화,0.44,2020042
2020,04,3,10:58,금,2020,4,3,11:23,경북,경북,포항,북,양덕,담,담뱃불실화,,0.03,2020043
2020,04,3,14:20,금,2020,4,3,14:55,경북,경북,상주,낙동,구장,입,기타(직접입력),입산자실화,0.01,2020043
2020,04,3,14:38,금,2020,4,3,15:40,경북,경북,성주,초전,동포,기,기타(직접입력),원인미상,0.2,2020043
2020,04,3,14:44,금,2020,4,3,15:45,강원,강원,홍천,두촌,장남,입,기타(직접입력),입산자실화,0.1,2020043
2020,04,4,03:26,토,2020,4,4,09:00,강원,강원,삼척,근덕,동막,기,기타(직접입력),원인미상,0.5,2020044
2020,04,4,05:50,토,2020,4,4,06:44,강원,강원,횡성,우천,산전,기,농산폐기물소각,,0.08,2020044
2020,04,4,15:28,토,2020,4,4,17:47,남부,경북,영양,석보,삼의,입,기타(직접입력),입산자실화 추정,1.7,2020044
2020,04,4,16:52,토,2020,4,4,18:45,강원,강원,춘천,사북,송암,기,기타(직접입력),원인미상,0.3,2020044
2020,04,4,17:34,토,2020,4,4,19:10,경북,경북,봉화,물야,압동,기,기타(직접입력),연탄재 처리미숙,0.1,2020044
2020,04,5,15:05,일,2020,4,5,17:00,경북,경북,칠곡,지천,연호,기,기타(직접입력),원인미상,0.02,2020045
2020,04,5,18:40,일,2020,4,5,19:20,경북,경북,영양,석보,지경,쓰,쓰레기소각,,0.1,2020045
2020,04,6,14:15,월,2020,4,6,15:20,경북,경북,청도,각북,남산,기,기타(직접입력),전기누전,0.1,2020046
2020,04,6,13:58,월,2020,4,6,15:15,경북,경북,문경,산양,반곡,기,기타(직접입력),용접불씨 비화,0.3,2020046
2020,04,7,13:09,화,2020,4,7,14:00,경북,경북,의성,비안,서부,기,기타(직접입력),원인미상,0.01,2020047
2020,04,8,13:36,수,2020,4,8,15:55,강원,강원,원주,소초,홍양,기,기타(직접입력),재처리 부주의,1.5,2020048
2020,04,8,11:15,수,2020,4,8,18:05,남부,경북,청송,파천,옹점,입,기타(직접입력),입산자실화,48.2,2020048
2020,04,8,12:30,수,2020,4,8,15:00,강원,강원,영월,주천,도천,기,기타(직접입력),용접불꽃 부주의,11.91,2020048
2020,04,8,13:03,수,2020,4,8,15:10,경북,경북,봉화,춘양,서벽,건,주택화재비화,,0.1,2020048
2020,04,9,03:51,목,2020,4,9,06:55,경북,경북,경주,내남,망성,기,방화,,0.1,2020049
2020,04,9,09:20,목,2020,4,9,10:45,경북,경북,경주,내남,덕천,입,기타(직접입력),입산자실화,0.2,2020049
2020,04,9,10:40,목,2020,4,9,13:55,경북,경북,경주,,북군,입,기타(직접입력),입산자실화,0.33,2020049
2020,04,10,11:56,금,2020,4,10,13:29,강원,강원,평창,진부,두일,기,기타(직접입력),벌레집소각,0.3,20200410
2020,04,10,11:51,금,2020,4,10,13:30,강원,강원,원주,신림,구학,기,기타(직접입력),재처리 부주의,0.5,20200410
2020,04,11,14:34,토,2020,4,11,15:02,강원,강원,횡성,우천,상대,담,담뱃불실화,,0.01,20200411
2020,04,13,12:10,월,2020,4,13,14:22,강원,강원,횡성,갑천,대관대,건,기타(직접입력),건축물화재 비화,1.3,20200413
2020,04,13,19:16,월,2020,4,13,20:03,강원,강원,화천,사내,광덕,쓰,쓰레기소각,,0.09,20200413
2020,04,14,11:12,화,2020,4,14,13:25,경북,경북,안동,풍산,수,기,기타(직접입력),원인미상,0.5,20200414
2020,04,14,17:48,화,2020,4,15,12:00,북부,강원,철원,서,자등,입,기타(직접입력),입산자실화,19.0,20200414
2020,04,14,19:36,화,2020,4,14,20:56,경북,경북,문경,동로,인곡,기,기타(직접입력),영농부산물소각,0.05,20200414
2020,04,15,14:50,공,2020,4,15,16:45,강원,강원,평창,대화,개수,입,기타(직접입력),입산자실화,0.2,20200415
2020,04,15,17:20,공,2020,4,15,19:20,경북,경북,군위,고로,인곡,건,주택화재비화,,0.04,20200415
2020,04,16,15:23,목,2020,4,16,17:04,북부,강원,인제,인제,남북,입,기타(직접입력),입산자실화,0.01,20200416
2020,04,16,17:27,목,2020,4,16,19:30,경북,경북,청도,청도,살,기,기타(직접입력),원인미상,0.3,20200416
2020,04,16,21:23,목,2020,4,16,23:40,경북,경북,봉화,재산,동면,기,기타(직접입력),원인미상,0.1,20200416
2020,04,16,14:05,목,2020,4,16,15:10,경북,경북,경주,서,도계,입,기타(직접입력),입산자실화,0.01,20200416
2020,04,17,04:37,금,2020,4,17,07:50,경북,경북,군위,군위,광현,기,기타(직접입력),원인미상,0.2,20200417
2020,04,22,13:48,수,2020,4,22,15:15,강원,강원,강릉,성산,보광,기,기타(직접입력),원인미상,0.3,20200422
2020,04,22,14:23,수,2020,4,22,16:10,북부,강원,인제,인제,가아,기,기타(직접입력),화목보일러 불씨 비화,0.2,20200422
2020,04,24,15:39,금,2020,4,27,18:00,경북,경북,안동,풍천,인금,입,기타(직접입력),입산자실화 추정,1944.0,20200424
2020,04,24,16:15,금,2020,4,24,18:00,경북,경북,예천,예천,생천,기,기타(직접입력),원인미상,0.16,20200424
2020,04,24,13:07,금,2020,4,24,14:20,강원,강원,춘천,남,관천,기,기타(직접입력),원인미상,1.0,20200424
2020,04,24,11:35,금,2020,4,24,14:00,강원,강원,철원,갈말,문혜,입,기타(직접입력),입산자실화 추정,0.6,20200424
2020,04,26,13:27,일,2020,4,26,15:00,강원,강원,춘천,동,감정,기,기타(직접입력),원인미상,0.01,20200426
2020,04,27,11:28,월,2020,4,27,12:40,강원,강원,횡성,공근,학담,입,기타(직접입력),입산자실화,0.02,20200427
2020,04,30,15:47,공,2020,4,30,17:48,경북,경북,안동,풍산,매곡,입,기타(직접입력),입산자실화,0.1,20200430
2020,04,30,18:05,공,2020,4,30,20:00,강원,강원,원주,지정,판대,입,기타(직접입력),입산자실화 추정,0.01,20200430
2020,04,30,14:27,공,2020,4,30,18:00,북부,강원,홍천,서석,어론,입,기타(직접입력),입산자실화,0.2,20200430
2020,04,30,18:20,공,2020,4,30,19:25,경북,경북,군위,소보,위성,기,기타(직접입력),원인미상,0.02,20200430
2020,05,1,12:30,금,2020,5,1,20:50,경북,경북,울진,울진,신림,쓰,쓰레기소각,,3.77,2020051
2020,05,1,14:30,금,2020,5,1,16:30,북부,강원,춘천,동,상걸,입,기타(직접입력),입산자실화,0.2,2020051
2020,05,1,15:21,금,2020,5,1,18:00,강원,강원,홍천,동,노천,입,기타(직접입력),입산자실화,0.01,2020051
2020,05,1,20:10,금,2020,5,2,09:00,강원,강원,고성,토성,도원,건,주택화재비화,,123.2,2020051
2020,05,4,13:10,월,2020,5,4,16:40,남부,경북,봉화,소천,남회룡,기,기타(직접입력),원인미상,2.0,2020054
2020,05,6,11:33,수,2020,5,6,13:20,강원,강원,철원,철원,율이,기,기타(직접입력),그라인더 절단작업,0.06,2020056
2020,05,8,16:00,금,2020,5,8,17:15,강원,강원,횡성,갑천,대관대,기,기타(직접입력),전기누전,0.8,2020058
2020,05,8,14:50,금,2020,5,8,16:30,북부,강원,홍천,홍천,상오안,입,기타(직접입력),입산자실화,0.03,2020058
2020,05,8,15:00,금,2020,5,8,17:00,강원,강원,홍천,서,마곡,건,주택화재비화,,0.16,2020058
2020,05,13,13:51,수,2020,5,13,14:55,경북,경북,청도,화양,소라,기,농산폐기물소각,,0.1,20200513
2020,05,29,11:42,금,2020,5,29,13:55,경북,경북,울진,북,덕구,기,낙뢰,,0.1,20200529
2020,05,30,14:36,토,2020,5,30,16:20,경북,경북,칠곡,지천,연호,입,기타(직접입력),입산자실화,0.02,20200530
2020,05,31,12:42,일,2020,5,31,13:25,경북,경북,고령,대가야,내곡,쓰,쓰레기소각,,0.01,20200531
2020,06,1,12:46,월,2020,6,1,15:48,경북,경북,영덕,달산,옥산,쓰,쓰레기소각,,0.21,2020061
2020,06,3,00:51,수,2020,6,3,01:30,경북,경북,포항,북,양덕,담,담뱃불실화,,0.01,2020063
2020,06,3,11:18,수,2020,6,3,13:30,경북,경북,칠곡,석적,성곡,기,기타(직접입력),원인미상,0.07,2020063
2020,06,4,10:29,목,2020,6,4,11:58,경북,경북,군위,부계,가호,기,기타(직접입력),원인미상,0.02,2020064
2020,06,5,00:07,금,2020,6,5,05:03,경북,경북,포항,북,우목,입,기타(직접입력),입산자실화,0.06,2020065
2020,06,5,14:32,금,2020,6,5,17:00,경북,경북,영주,단산,동원,기,기타(직접입력),원인미상,0.01,2020065
2020,06,5,15:17,금,2020,6,5,16:13,경북,경북,울진,울진,연지,기,기타(직접입력),원인미상,0.05,2020065
2020,06,7,04:50,일,2020,6,7,07:55,경북,경북,칠곡,석적,성곡,기,기타(직접입력),원인미상,0.2,2020067
2020,06,7,11:42,일,2020,6,7,14:25,경북,경북,포항,죽장,매현,기,기타(직접입력),회목보일러 불씨 부주의,0.16,2020067
2020,06,8,15:15,월,2020,6,8,19:15,북부,강원,춘천,동,품걸,입,기타(직접입력),입산자실화 추정,0.1,2020068
2020,06,13,15:10,토,2020,6,13,18:00,북부,강원,춘천,동,원곡,입,기타(직접입력),입산자실화,0.4,20200613
2020,06,23,09:45,화,2020,6,23,13:30,북부,강원,홍천,동,속초,입,기타(직접입력),입산자실화 추정,0.15,20200623
2020,08,23,19:12,일,2020,8,23,22:50,경북,경북,포항,호미,대동배,기,기타(직접입력),원인미상,0.1,20200823
2020,09,27,12:54,일,2020,9,27,16:50,경북,경북,예천,지보,만화,입,기타(직접입력),인삽자실화,0.15,20200927
2020,10,6,14:17,화,2020,10,6,17:30,북부,강원,춘천,사북,고성,입,기타(직접입력),입산자실화 추정,0.01,2020106
2020,10,9,17:03,공,2020,10,9,00:00,북부,강원,홍천,서석,풍암,입,기타(직접입력),입산자실화 추정,0.05,2020109
2020,10,11,07:44,일,2020,10,11,10:30,북부,강원,홍천,화촌,군업,입,기타(직접입력),입산자실화 추정,0.01,20201011
2020,10,13,07:22,화,2020,10,13,10:02,경북,경북,김천,농소,노곡,입,기타(직접입력),입산자실화 추정,0.01,20201013
2020,10,13,14:40,화,2020,10,13,17:00,북부,강원,홍천,화촌,군엄,입,기타(직접입력),입산자실화 추정,0.01,20201013
2020,10,18,13:10,일,2020,10,18,16:30,북부,강원,홍천,홍천,군엄,입,기타(직접입력),입산자실화 추정,0.01,20201018
2020,10,24,09:11,토,2020,10,24,10:33,남부,경북,영양,청기,산운,기,기타(직접입력),원인미상,0.62,20201024
2020,10,24,22:22,토,2020,10,25,07:00,강원,강원,삼척,노곡,고자,기,기타(직접입력),원인미상,1.2,20201024
2020,10,28,15:21,수,2020,10,28,17:30,경북,경북,의성,의성,오로,기,기타(직접입력),원인미상,0.1,20201028
2020,10,29,13:40,목,2020,10,29,15:10,경북,경북,경주,,북군,입,기타(직접입력),입산자실화 추정,0.1,20201029
2020,10,29,14:00,목,2020,10,29,16:15,동부,강원,정선,신동,천포,기,농산폐기물소각,,0.4,20201029
2020,10,30,14:23,금,2020,10,30,15:46,강원,강원,평창,진부,상진브,입,기타(직접입력),입산자실화,0.1,20201030
2020,10,31,11:57,토,2020,10,31,14:30,경북,경북,안동,풍산,현애,입,기타(직접입력),입산자실화 추정,0.03,20201031
2020,11,4,12:45,수,2020,11,4,14:30,북부,강원,철원,동송,이평,입,기타(직접입력),입산자실화 추정,0.01,2020114
2020,11,6,17:38,금,2020,11,7,02:00,경북,경북,영양,일월,문암,입,기타(직접입력),입산자실화,2.6,2020116
2020,11,8,02:27,일,2020,11,8,04:40,강원,강원,동해,,신흥,입,기타(직접입력),입산자실화 추정,0.11,2020118
2020,11,8,12:57,일,2020,11,8,15:50,경북,경북,안동,길안,금곡,기,기타(직접입력),재처리 부주의,0.07,2020118
2020,11,9,13:20,월,2020,11,9,17:30,경북,경북,예천,보문,작곡,기,기타(직접입력),벌집소각 재처리 부주의,1.05,2020119
2020,11,10,06:29,화,2020,11,10,08:20,경북,경북,의성,다인,달제,기,기타(직접입력),원인미상,0.03,20201110
2020,11,10,13:23,화,2020,11,10,15:21,경북,경북,안동,예인,귀단,기,농산폐기물소각,,0.1,20201110
2020,11,12,11:30,목,2020,11,12,14:07,경북,경북,경주,건천,화천,기,기타(직접입력),전기합선,0.01,20201112
2020,11,14,21:36,토,2020,11,15,04:03,경북,경북,영천,신녕,화서,기,기타(직접입력),군부대실화,0.3,20201114
2020,11,14,12:29,토,2020,11,14,15:45,경북,경북,영양,입암,산해,입,기타(직접입력),입산자실화,0.38,20201114
2020,11,15,18:53,일,2020,11,15,21:00,경북,경북,청송,청송,금곡,건,기타(직접입력),건축물 화재 전이,0.2,20201115
2020,11,15,19:19,일,2020,11,15,23:43,경북,경북,안동,임하,천전,입,기타(직접입력),입산자실화,0.75,20201115
2020,11,16,12:33,월,2020,11,16,15:00,강원,강원,홍천,홍천,장전평,입,기타(직접입력),입산자실화,0.1,20201116
2020,11,16,12:40,월,2020,11,16,14:10,경북,경북,구미,장천,묵어,입,기타(직접입력),입산자실화,0.03,20201116
2020,11,26,15:02,목,2020,11,26,17:40,경북,경북,상주,화북,상오,담,담뱃불실화,,0.1,20201126
2020,12,1,21:59,화,2020,12,2,00:30,강원,강원,횡성,우천,상대,기,기타(직접입력),화목보일러 불씨,0.1,2020121
2020,12,4,13:09,금,2020,12,4,15:30,경북,경북,고령,다산,벌지,기,농산폐기물소각,,0.03,2020124
2020,12,6,12:15,일,2020,12,6,13:54,경북,경북,경주,양남,상계,기,기타(직접입력),화목보일러 재투기,0.03,2020126
2020,12,8,20:37,화,2020,12,8,23:00,강원,강원,홍천,동,속초,기,기타(직접입력),화목보일러 재처리 부주의,0.02,2020128
2020,12,12,11:43,토,2020,12,12,14:30,강원,강원,원주,신림,구학,담,담뱃불실화,,0.5,20201212
2020,12,12,15:54,토,2020,12,12,19:00,북부,강원,원주,신림,황둔,입,기타(직접입력),입산자실화,0.05,20201212
2020,12,12,18:25,토,2020,12,12,20:00,강원,강원,홍천,서,모곡,건,기타(직접입력),건축물실화,0.04,20201212
2020,12,15,15:35,화,2020,12,15,16:55,경북,경북,포항,남,문덕,기,기타(직접입력),원인미상,0.12,20201215
2020,12,16,14:45,수,2020,12,16,16:31,경북,경북,경주,천북,모아,기,기타(직접입력),원인미상,0.1,20201216
2020,12,16,16:42,수,2020,12,16,18:10,경북,경북,경주,,용강,입,기타(직접입력),입산자실화 추정,0.1,20201216
2020,12,17,19:41,목,2020,12,18,02:20,경북,경북,울진,울진,읍남,기,기타(직접입력),원인미상,0.73,20201217
2020,12,24,15:59,목,2020,12,24,17:20,경북,경북,의성,비안,자락,건,주택화재비화,,0.05,20201224
2020,12,24,17:29,목,2020,12,25,08:10,경북,경북,경주,안강,옥산,기,기타(직접입력),원인미상,3.0,20201224
2020,12,25,16:22,금,2020,12,25,18:20,강원,강원,영월,영월,영흥,입,기타(직접입력),입산자실화,0.3,20201225
